date,team_1,team_2,score,location,change_1,score_1_points,change_2,score_2_points
January 4 2017,Trinidad and Tobago,Suriname,1 2,CONCACAF Ch q & Car Ch play in Trinidad and Tobago,−36 +36,1453 1257,−9 +10,95 146
January 4 2017,Tunisia,Uganda,2 0,Friendly in Tunisia,+7 −7,1598 1491,+2 −1,59 85
January 5 2017,Cameroon,Democratic Republic of Congo,2 0,Friendly in Cameroon,+9 −9,1627 1568,+1 −2,55 69
January 6 2017,Haiti,Suriname,4 2,CONCACAF Ch q & Car Ch play in Trinidad and Tobago,+13 −13,1489 1244,0 −3,86 149
January 7 2017,Algeria,Mauritania,3 1,Friendly in Algeria,+2 −2,1635 1308,0 −1,53 130
January 7 2017,Burkina Faso,Mali,2 1,Friendly in Morocco,+11 −11,1519 1541,+3 −2,77 73
January 8 2017,Egypt,Tunisia,1 0,Friendly in Egypt,+5 −5,1675 1593,+1 −1,46 60
January 8 2017,Ivory Coast,Sweden,2 1,Friendly in the United Arab Emirates,+11 −11,1731 1757,+1 −2,33 28
January 8 2017,Senegal,Libya,2 1,Friendly in Congo,+5 −5,1678 1463,0 −2,45 91
January 8 2017,Trinidad and Tobago,Haiti,3 4,CONCACAF Ch q & Car Ch play in Trinidad and Tobago,−24 +24,1429 1513,−5 +6,100 80
January 9 2017,Finland,Morocco,1 0,Friendly in the United Arab Emirates,+12 −12,1552 1590,+3 −3,71 61
January 10 2017,Algeria,Mauritania,6 0,Friendly in Algeria,+3 −3,1638 1305,0 −1,53 131
January 10 2017,Cameroon,Zimbabwe,1 1,Friendly in Cameroon,−7 +7,1620 1426,−1 +2,56 101
January 10 2017,China,Iceland,0 2,Friendly tournament in China,−14 +14,1508 1779,−5 +2,81 24
January 11 2017,Chile,Croatia,1 1,Friendly tournament in China,−4 +4,1978 1890,−1 +1,6 14
January 11 2017,Congo,Senegal,0 2,Friendly in Congo,−9 +9,1428 1687,−3 +3,100 42
January 11 2017,Ivory Coast,Uganda,3 0,Friendly in the United Arab Emirates,+7 −7,1738 1484,+1 0,32 86
January 13 2017,Costa Rica,El Salvador,0 0,CONCACAF Champ q & C Am Cup in Panama,−17 +17,1837 1419,−2 +5,19 104
January 13 2017,Honduras,Nicaragua,2 1,CONCACAF Champ q & C Am Cup in Panama,+6 −6,1569 1255,+1 −2,69 146
January 13 2017,Panama,Belize,0 0,CONCACAF Champ q & C Am Cup in Panama,−19 +19,1670 1201,−6 +3,47 165
January 14 2017,Burkina Faso,Cameroon,1 1,African Nations Cup in Gabon,+7 −7,1526 1613,+1 −1,75 57
January 14 2017,China,Croatia,1 1,Friendly tournament in China,+10 −10,1518 1880,+4 −1,77 15
January 14 2017,Gabon,Guinea-Bissau,1 1,African Nations Cup in Gabon,−17 +17,1440 1295,−2 +8,95 134
January 14 2017,Saudi Arabia,Cambodia,7 2,Friendly in the United Arab Emirates,0 0,1578 805,0 0,66 209
January 15 2017,Algeria,Zimbabwe,2 2,African Nations Cup in Gabon,−14 +14,1624 1440,−2 +6,55 95
January 15 2017,Chile,Iceland,1 0,Friendly tournament in China,+7 −7,1985 1772,+1 −1,5 25
January 15 2017,Costa Rica,Belize,3 0,CONCACAF Champ q & C Am Cup in Panama,+2 −2,1839 1199,0 0,19 165
January 15 2017,Honduras,El Salvador,2 1,CONCACAF Champ q & C Am Cup in Panama,+12 −12,1581 1407,+5 −3,64 107
January 15 2017,Panama,Nicaragua,2 1,CONCACAF Champ q & C Am Cup in Panama,+2 −2,1672 1253,+1 −1,46 147
January 15 2017,Senegal,Tunisia,2 0,African Nations Cup in Gabon,+28 −28,1715 1565,+5 −11,36 70
January 16 2017,Democratic Republic of Congo,Morocco,1 0,African Nations Cup in Gabon,+27 −27,1595 1563,+10 −10,59 70
January 16 2017,Ivory Coast,Togo,0 0,African Nations Cup in Gabon,−18 +18,1720 1435,−2 +7,34 98
January 17 2017,Costa Rica,Nicaragua,0 0,CONCACAF Champ q & C Am Cup in Panama,−19 +19,1820 1272,−1 +4,20 143
January 17 2017,Egypt,Mali,0 0,African Nations Cup in Gabon,−9 +9,1666 1550,−2 +2,47 72
January 17 2017,El Salvador,Belize,3 1,CONCACAF Champ q & C Am Cup in Panama,+14 −14,1421 1185,+2 −3,105 168
January 17 2017,Ghana,Uganda,1 0,African Nations Cup in Gabon,+17 −17,1610 1467,+1 −2,59 88
January 17 2017,Panama,Honduras,0 1,CONCACAF Champ q & C Am Cup in Panama,−30 +30,1642 1611,−6 +6,52 58
January 17 2017,Qatar,Moldova,1 1,Friendly in Qatar,−7 +7,1569 1348,−1 +1,68 119
January 18 2017,Cameroon,Guinea-Bissau,2 1,African Nations Cup in Gabon,+7 −7,1620 1288,+1 −4,56 138
January 18 2017,Gabon,Burkina Faso,1 1,African Nations Cup in Gabon,−1 +1,1439 1527,−1 0,96 75
January 19 2017,Senegal,Zimbabwe,2 0,African Nations Cup in Gabon,+13 −13,1728 1427,+3 −7,33 102
January 19 2017,Tunisia,Algeria,2 1,African Nations Cup in Gabon,+29 −29,1594 1595,+7 −5,62 60
January 20 2017,Costa Rica,Honduras,1 1,CONCACAF Champ q & C Am Cup in Panama,−11 +11,1809 1622,0 +2,20 55
January 20 2017,Democratic Republic of Congo,Ivory Coast,2 2,African Nations Cup in Gabon,+9 −9,1604 1711,+1 −1,59 36
January 20 2017,Morocco,Togo,3 1,African Nations Cup in Gabon,+24 −24,1587 1411,+6 −10,64 107
January 20 2017,Nicaragua,Belize,3 1,CONCACAF Champ q & C Am Cup in Panama,+23 −23,1295 1162,+9 −1,134 169
January 20 2017,Panama,El Salvador,1 0,CONCACAF Champ q & C Am Cup in Panama,+5 −5,1647 1416,+1 0,51 105
January 21 2017,Egypt,Uganda,1 0,African Nations Cup in Gabon,+12 −12,1678 1455,+2 −5,45 93
January 21 2017,Ghana,Mali,1 0,African Nations Cup in Gabon,+21 −21,1631 1529,+4 −2,54 74
January 22 2017,Bermuda,Canada,2 4,Friendly in Bermuda,−7 +7,1200 1525,−2 +1,164 76
January 22 2017,Burkina Faso,Guinea-Bissau,2 0,African Nations Cup in Gabon,+15 −15,1542 1273,+1 −4,74 143
January 22 2017,El Salvador,Nicaragua,1 0,CONCACAF Champ q & C Am Cup in Panama,+13 −13,1429 1282,+6 −6,99 140
January 22 2017,Gabon,Cameroon,0 0,African Nations Cup in Gabon,+6 −6,1445 1614,+1 −1,94 58
January 22 2017,Honduras,Belize,1 0,CONCACAF Champ q & C Am Cup in Panama,+3 −3,1625 1159,0 0,56 169
January 22 2017,Panama,Costa Rica,1 0,CONCACAF Champ q & C Am Cup in Panama,+24 −24,1671 1785,+5 −2,46 22
January 23 2017,Algeria,Senegal,2 2,African Nations Cup in Gabon,+9 −9,1604 1719,+1 −1,60 34
January 23 2017,Georgia,Uzbekistan,2 2,Friendly in the United Arab Emirates,+5 −5,1478 1661,0 0,86 49
January 23 2017,Tunisia,Zimbabwe,4 2,African Nations Cup in Gabon,+21 −21,1615 1406,+5 −5,57 107
January 24 2017,Democratic Republic of Congo,Togo,3 1,African Nations Cup in Gabon,+19 −19,1623 1392,+3 −6,57 112
January 24 2017,Morocco,Ivory Coast,1 0,African Nations Cup in Gabon,+34 −34,1621 1677,+6 −9,58 45
January 25 2017,Brazil,Colombia,1 0,Friendly in Brazil,+4 −4,2091 1925,0 −1,1 10
January 25 2017,Egypt,Ghana,1 0,African Nations Cup in Gabon,+22 −22,1700 1609,+6 −7,38 61
January 25 2017,Jordan,Georgia,1 0,Friendly in the United Arab Emirates,+9 −9,1512 1469,+1 −1,81 87
January 25 2017,Mali,Uganda,1 1,African Nations Cup in Gabon,−5 +5,1524 1460,−1 +2,76 91
January 28 2017,Burkina Faso,Tunisia,2 0,African Nations Cup in Gabon,+45 −45,1587 1570,+10 −12,64 70
January 28 2017,Cameroon,Senegal,0 0,African Nations Cup in Gabon,+7 −7,1621 1712,+3 −1,57 35
January 29 2017,Egypt,Morocco,1 0,African Nations Cup in Gabon,+19 −19,1719 1602,+4 −3,34 60
January 29 2017,Ghana,Democratic Republic of Congo,2 1,African Nations Cup in Gabon,+26 −26,1635 1597,+7 −5,53 61
January 29 2017,United States,Serbia,0 0,Friendly in the United States,−3 +3,1732 1729,0 0,32 33
February 1 2017,Burkina Faso,Egypt,1 1,African Nations Cup in Gabon,+9 −9,1596 1710,+1 −2,63 36
February 2 2017,Cameroon,Ghana,2 0,African Nations Cup in Gabon,+39 −39,1660 1596,+7 −9,50 62
February 3 2017,United States,Jamaica,1 0,Friendly in the United States,+3 −3,1735 1512,0 −1,32 80
February 4 2017,Burkina Faso,Ghana,1 0,African Nations Cup in Gabon,+25 −25,1621 1571,+5 −7,57 69
February 5 2017,Cameroon,Egypt,2 1,African Nations Cup in Gabon,+29 −29,1689 1681,+9 −8,41 44
February 8 2017,Mexico,Iceland,1 0,Friendly in the United States,+6 −6,1917 1766,+1 −1,11 26
February 16 2017,Jamaica,Honduras,1 0,Friendly in the United States,+13 −13,1525 1612,+5 −2,75 58
February 22 2017,Ecuador,Honduras,3 1,Friendly in Ecuador,+4 −4,1854 1608,+1 0,17 58
February 22 2017,San Marino,Andorra,0 2,Friendly in San Marino,−16 +16,863 972,−1 +3,204 191
March 9 2017,Qatar,Azerbaijan,1 2,Friendly in Qatar,−16 +16,1553 1440,0 +7,71 96
March 10 2017,Trinidad and Tobago,Barbados,2 0,Friendly in Trinidad and Tobago,+3 −3,1432 1132,+2 −1,98 172
March 11 2017,Burundi,Djibouti,7 0,Friendly in Burundi,+1 −1,1313 752,0 0,128 214
March 13 2017,Burundi,Djibouti,1 0,Friendly in Burundi,0 0,1313 752,0 0,128 214
March 16 2017,Honduras,Nicaragua,2 0,Friendly in Honduras,+2 −2,1610 1280,0 0,58 140
March 18 2017,Iran,Iraq,0 1,Friendly in Iran,−18 +18,1756 1489,−4 0,28 86
March 19 2017,San Marino,Moldova,0 2,Friendly in San Marino,−3 +3,860 1351,0 0,204 119
March 21 2017,Indonesia,Myanmar,1 3,Friendly in Indonesia,−25 +25,1232 1081,−6 +1,152 184
March 22 2017,Cambodia,India,2 3,Friendly in Cambodia,−5 +5,800 1106,−2 +4,211 177
March 22 2017,Curaçao,El Salvador,1 1,Friendly in Curaçao,+3 −3,1227 1426,+1 −1,153 102
March 22 2017,Cyprus,Kazakhstan,3 1,Friendly in Cyprus,+11 −11,1417 1395,+1 −4,105 110
March 22 2017,Czechia,Lithuania,3 0,Friendly in Czechia,+4 −4,1702 1460,+1 −2,37 90
March 22 2017,Djibouti,South Sudan,2 0,African Nations Cup qualifier in Djibouti,+49 −49,801 1065,+4 −10,210 185
March 22 2017,Germany,England,1 0,Friendly in Germany,+5 −5,2043 1924,0 −1,3 10
March 22 2017,Palestine,Yemen,1 0,Friendly in Qatar,+6 −6,1344 1199,0 −2,121 164
March 22 2017,Philippines,Malaysia,0 0,Friendly in the Philippines,−6 +6,1217 1111,−4 +1,159 176
March 22 2017,São Tomé and Príncipe,Madagascar,0 1,African Nations Cup qualifier in São Tomé and Príncipe,−18 +18,1085 1262,−3 +3,182 145
March 22 2017,Scotland,Canada,1 1,Friendly in Scotland,−6 +6,1665 1531,−2 0,49 75
March 22 2017,Vietnam,Taiwan,1 1,Friendly in Vietnam,−9 +9,1275 863,−3 +1,142 204
March 23 2017,Afghanistan,Singapore,2 1,Friendly in Qatar,+9 −9,1149 1104,0 −2,170 177
March 23 2017,Argentina,Chile,1 0,World Cup qualifier in Argentina,+11 −11,2056 1974,0 −1,2 6
March 23 2017,Bahrain,Tajikistan,1 1,Friendly in Bahrain,−7 +7,1423 1252,−3 0,103 148
March 23 2017,China,South Korea,1 0,World Cup qualifier in China,+29 −29,1547 1759,+5 −7,74 28
March 23 2017,Colombia,Bolivia,1 0,World Cup qualifier in Colombia,+4 −4,1929 1629,0 0,9 54
March 23 2017,Iraq,Australia,1 1,World Cup qualifier in Iran,+11 −11,1500 1698,+1 −2,85 38
March 23 2017,Jordan,Hong Kong,4 0,Friendly in Jordan,+3 −3,1515 1193,+1 0,80 165
March 23 2017,Kenya,Uganda,1 1,Friendly in Kenya,−1 +1,1387 1461,0 0,113 90
March 23 2017,Nigeria,Senegal,1 1,Friendly in England,+1 −1,1670 1711,0 −1,48 36
March 23 2017,Papua New Guinea,Tahiti,1 3,World Cup qualifier in Papua New Guinea,−31 +31,1097 1250,−7 +7,180 149
March 23 2017,Paraguay,Ecuador,2 1,World Cup qualifier in Paraguay,+23 −23,1725 1831,+3 −1,34 18
March 23 2017,Qatar,Iran,0 1,World Cup qualifier in Qatar,−14 +14,1539 1770,−4 +4,75 24
March 23 2017,Syria,Uzbekistan,1 0,World Cup qualifier in Malaysia,+26 −26,1570 1635,+5 −3,69 53
March 23 2017,Thailand,Saudi Arabia,0 3,World Cup qualifier in Thailand,−29 +29,1390 1607,−8 +8,112 59
March 23 2017,United Arab Emirates,Japan,0 2,World Cup qualifier in the United Arab Emirates,−24 +24,1559 1777,−6 +7,71 23
March 23 2017,Uruguay,Brazil,1 4,World Cup qualifier in Uruguay,−27 +27,1887 2118,−2 0,14 1
March 23 2017,Venezuela,Peru,2 2,World Cup qualifier in Venezuela,+3 −3,1686 1831,+1 +1,42 18
March 24 2017,Austria,Moldova,2 0,World Cup qualifier in Austria,+5 −5,1691 1346,+1 0,41 119
March 24 2017,Comoros,Mauritius,2 0,African Nations Cup qualifier in the Comoros,+31 −31,1014 1069,+3 −5,187 184
March 24 2017,Croatia,Ukraine,1 0,World Cup qualifier in Croatia,+9 −9,1889 1760,+2 −2,13 27
March 24 2017,Gabon,Guinea,2 2,Friendly in France,+1 −1,1446 1494,−1 0,95 86
March 24 2017,Georgia,Serbia,1 3,World Cup qualifier in Georgia,−17 +17,1452 1746,−7 0,94 33
March 24 2017,Haiti,Nicaragua,3 1,CONCACAF Championship qualifier in Haiti,+8 −8,1521 1272,+1 −4,80 143
March 24 2017,Ireland,Wales,0 0,World Cup qualifier in Ireland,−8 +8,1793 1768,0 +1,20 26
March 24 2017,Italy,Albania,2 0,World Cup qualifier in Italy,+4 −4,1947 1576,0 0,7 66
March 24 2017,Kosovo,Iceland,1 2,World Cup qualifier in Albania,−4 +4,1390 1770,0 +2,110 24
March 24 2017,Libya,Togo,0 0,Friendly in Egypt,−2 +2,1461 1394,+1 +2,88 109
March 24 2017,Liechtenstein,Macedonia,0 3,World Cup qualifier in Liechtenstein,−23 +23,1157 1425,−1 +5,169 102
March 24 2017,Mauritania,Benin,1 0,Friendly in Mauritania,+10 −10,1315 1386,+3 −5,128 113
March 24 2017,Mexico,Costa Rica,2 0,World Cup qualifier in Mexico,+12 −12,1929 1773,+2 −2,9 23
March 24 2017,Morocco,Burkina Faso,2 0,Friendly in Morocco,+12 −12,1614 1609,+4 −2,57 58
March 24 2017,Russia,Ivory Coast,0 2,Friendly in Russia,−20 +20,1671 1697,−7 +6,46 40
March 24 2017,Spain,Israel,4 1,World Cup qualifier in Spain,+5 −5,1985 1622,0 0,5 55
March 24 2017,Trinidad and Tobago,Panama,1 0,World Cup qualifier in Trinidad and Tobago,+28 −28,1460 1643,+8 −5,90 52
March 24 2017,Tunisia,Cameroon,0 1,Friendly in Tunisia,−9 +9,1561 1698,−1 +3,70 38
March 24 2017,Turkey,Finland,2 0,World Cup qualifier in Turkey,+8 −8,1793 1544,+1 −2,20 74
March 24 2017,United States,Honduras,6 0,World Cup qualifier in the United States,+18 −18,1753 1592,+1 −5,31 63
March 25 2017,Andorra,Faroe Islands,0 0,World Cup qualifier in Andorra,+11 −11,983 1285,0 −3,191 136
March 25 2017,Belgium,Greece,1 1,World Cup qualifier in Belgium,−15 +15,1890 1669,0 +1,12 48
March 25 2017,Bosnia and Herzegovina,Gibraltar,5 0,World Cup qualifier in Bosnia and Herzegovina,+1 −1,1756 1096,0 −1,30 180
March 25 2017,Bulgaria,Netherlands,2 0,World Cup qualifier in Bulgaria,+46 −46,1632 1843,+11 −4,54 17
March 25 2017,Cyprus,Estonia,0 0,World Cup qualifier in Cyprus,−4 +4,1413 1443,0 +2,105 96
March 25 2017,Fiji,New Zealand,0 2,World Cup qualifier in Fiji,−14 +14,1224 1562,−3 +2,155 70
March 25 2017,Luxembourg,France,1 3,World Cup qualifier in Luxembourg,−1 +1,1242 2010,0 0,151 4
March 25 2017,Mozambique,Angola,2 0,Friendly in Mozambique,+7 −7,1329 1215,0 −3,124 159
March 25 2017,Portugal,Hungary,3 0,World Cup qualifier in Portugal,+9 −9,1940 1682,0 −2,8 43
March 25 2017,South Africa,Guinea-Bissau,3 1,Friendly in South Africa,+2 −2,1617 1271,−1 −1,57 143
March 25 2017,Sweden,Belarus,4 0,World Cup qualifier in Sweden,+13 −13,1770 1575,+5 −3,24 67
March 25 2017,Switzerland,Latvia,1 0,World Cup qualifier in Switzerland,+2 −2,1859 1413,+1 +1,15 105
March 25 2017,Tanzania,Botswana,2 0,Friendly in Tanzania,+10 −10,1329 1283,+2 −2,124 138
March 26 2017,Armenia,Kazakhstan,2 0,World Cup qualifier in Armenia,+14 −14,1515 1381,+2 −6,81 114
March 26 2017,Azerbaijan,Germany,1 4,World Cup qualifier in Azerbaijan,−4 +4,1436 2047,0 0,98 3
March 26 2017,Barbados,Martinique,2 1,Friendly in Barbados,+16 −16,1148 1485,+1 −3,171 86
March 26 2017,England,Lithuania,2 0,World Cup qualifier in England,+2 −2,1926 1458,0 −2,11 92
March 26 2017,Kenya,Democratic Republic of Congo,2 1,Friendly in Kenya,+13 −13,1400 1584,+4 −2,108 64
March 26 2017,Madagascar,São Tomé and Príncipe,3 2,African Nations Cup qualifier in Madagascar,+7 −7,1269 1078,+1 −1,144 182
March 26 2017,Malta,Slovakia,1 3,World Cup qualifier in Malta,−4 +4,1211 1757,−2 +1,161 30
March 26 2017,Montenegro,Poland,1 2,World Cup qualifier in Montenegro,−12 +12,1585 1863,−1 +1,63 15
March 26 2017,Northern Ireland,Norway,2 0,World Cup qualifier in Northern Ireland,+16 −16,1663 1560,+1 −6,50 71
March 26 2017,Romania,Denmark,0 0,World Cup qualifier in Romania,−4 +4,1677 1720,−2 0,46 35
March 26 2017,San Marino,Czechia,0 6,World Cup qualifier in San Marino,−1 +1,859 1703,+1 0,204 37
March 26 2017,Scotland,Slovenia,1 0,World Cup qualifier in Scotland,+14 −14,1679 1639,+4 −2,45 52
March 26 2017,Taiwan,Turkmenistan,1 3,Asian Cup qualifier in Taiwan,−9 +9,854 1267,−1 +1,205 145
March 26 2017,Zimbabwe,Zambia,0 0,Friendly in Zimbabwe,−2 +2,1404 1445,0 0,107 96
March 27 2017,Gambia,Central African Republic,2 1,Friendly in Morocco,+10 −10,1290 1285,+4 −3,135 136
March 27 2017,Ivory Coast,Senegal,1 1,Friendly in France,0 0,1697 1711,0 0,40 36
March 27 2017,Mauritania,Congo,2 1,Friendly in Mauritania,+10 −10,1325 1418,+2 −4,126 104
March 27 2017,Turkey,Moldova,3 1,Friendly in Turkey,+1 −1,1794 1345,0 0,20 119
March 28 2017,Afghanistan,Vietnam,1 1,Asian Cup qualifier in Tajikistan,+7 −7,1156 1268,0 −3,170 144
March 28 2017,Albania,Bosnia and Herzegovina,1 2,Friendly in Albania,−8 +8,1568 1764,−1 +2,66 29
March 28 2017,Australia,United Arab Emirates,2 0,World Cup qualifier in Australia,+12 −12,1710 1547,+1 −1,37 73
March 28 2017,Austria,Finland,1 1,Friendly in Austria,−6 +6,1685 1550,+1 +2,40 72
March 28 2017,Bahrain,Singapore,0 0,Asian Cup qualifier in Bahrain,−17 +17,1406 1121,−2 +2,105 175
March 28 2017,Bolivia,Argentina,2 0,World Cup qualifier in Bolivia,+52 −52,1681 2004,+11 −2,44 4
March 28 2017,Brazil,Paraguay,3 0,World Cup qualifier in Brazil,+4 −4,2122 1721,0 0,1 34
March 28 2017,Chile,Venezuela,3 1,World Cup qualifier in Chile,+6 −6,1980 1680,0 −3,6 45
March 28 2017,Ecuador,Colombia,0 2,World Cup qualifier in Ecuador,−30 +30,1801 1959,−1 +2,19 7
March 28 2017,Egypt,Togo,3 0,Friendly in Egypt,+3 −3,1684 1391,+3 0,41 109
March 28 2017,Estonia,Croatia,3 0,Friendly in Estonia,+31 −31,1474 1858,+11 −3,86 16
March 28 2017,France,Spain,0 2,Friendly in France,−20 +20,1990 2005,−1 +2,5 3
March 28 2017,Georgia,Latvia,5 0,Friendly in Georgia,+12 −12,1464 1401,+5 −2,89 107
March 28 2017,Guinea,Cameroon,2 1,Friendly in Belgium,+15 −15,1509 1683,+2 −4,83 42
March 28 2017,Guyana,Martinique,0 0,Friendly in Guyana,+5 −5,1197 1480,+1 +1,165 85
March 28 2017,Honduras,Costa Rica,1 1,World Cup qualifier in Honduras,+5 −5,1597 1768,0 −3,62 26
March 28 2017,Iran,China,1 0,World Cup qualifier in Iran,+5 −5,1775 1542,−1 −1,25 74
March 28 2017,Ireland,Iceland,0 1,Friendly in Ireland,−13 +13,1780 1783,−3 +2,24 22
March 28 2017,Japan,Thailand,4 0,World Cup qualifier in Japan,+4 −4,1781 1386,−1 −1,23 111
March 28 2017,Jordan,Cambodia,7 0,Asian Cup qualifier in Jordan,+1 −1,1516 799,+1 +1,80 210
March 28 2017,Kyrgyzstan,Macao,1 0,Asian Cup qualifier in Kyrgyzstan,+1 −1,1228 686,+1 −1,152 222
March 28 2017,Lebanon,Hong Kong,2 0,Asian Cup qualifier in Lebanon,+10 −10,1376 1183,+2 −2,115 167
March 28 2017,Luxembourg,Cape Verde,0 2,Friendly in Luxembourg,−11 +11,1231 1443,+1 0,150 99
March 28 2017,Macedonia,Belarus,3 0,Friendly in Macedonia,+20 −20,1445 1555,+4 −4,97 70
March 28 2017,Maldives,Palestine,0 3,Asian Cup qualifier in the Maldives,−11 +11,941 1355,−2 +3,197 118
March 28 2017,Mauritius,Comoros,1 1,African Nations Cup qualifier in Mauritius,−8 +8,1061 1022,0 +1,184 186
March 28 2017,Morocco,Tunisia,1 0,Friendly in Morocco,+6 −6,1620 1555,+1 0,57 70
March 28 2017,Mozambique,Lesotho,1 0,Friendly in Mozambique,+5 −5,1334 1214,−1 −5,125 161
March 28 2017,Myanmar,India,0 1,Asian Cup qualifier in Myanmar,−24 +24,1057 1130,−4 +2,185 173
March 28 2017,Netherlands,Italy,1 2,Friendly in the Netherlands,−10 +10,1833 1957,−1 −1,18 8
March 28 2017,New Zealand,Fiji,2 0,World Cup qualifier in New Zealand,+4 −4,1566 1220,+2 −2,67 157
March 28 2017,Nicaragua,Haiti,3 0,CONCACAF Championship qualifier in Nicaragua,+49 −49,1321 1472,+14 −7,128 87
March 28 2017,Oman,Bhutan,14 0,Asian Cup qualifier in Oman,+1 −1,1465 608,−1 0,88 231
March 28 2017,Panama,United States,1 1,World Cup qualifier in Panama,+1 −1,1644 1752,−2 0,53 32
March 28 2017,Peru,Uruguay,2 1,World Cup qualifier in Peru,+17 −17,1848 1870,+1 +1,17 13
March 28 2017,Philippines,Nepal,4 1,Asian Cup qualifier in the Philippines,+6 −6,1223 897,+3 0,155 201
March 28 2017,Portugal,Sweden,2 3,Friendly in Portugal,−17 +17,1923 1787,−3 +3,11 21
March 28 2017,Russia,Belgium,3 3,Friendly in Russia,+3 −3,1674 1887,−1 0,48 12
March 28 2017,Saudi Arabia,Iraq,1 0,World Cup qualifier in Saudi Arabia,+9 −9,1616 1491,+2 0,58 84
March 28 2017,South Africa,Angola,0 0,Friendly in South Africa,−9 +9,1608 1224,−3 +5,60 154
March 28 2017,South Korea,Syria,1 0,World Cup qualifier in South Korea,+6 −6,1765 1564,+1 0,28 68
March 28 2017,South Sudan,Djibouti,6 0,African Nations Cup qualifier in South Sudan,+9 −9,1074 792,+2 −2,183 212
March 28 2017,Tahiti,Papua New Guinea,1 2,World Cup qualifier in Tahiti,−32 +32,1218 1129,−10 +5,159 174
March 28 2017,Tanzania,Burundi,2 1,Friendly in Tanzania,+7 −7,1336 1306,+2 −3,122 132
March 28 2017,Trinidad and Tobago,Mexico,0 1,World Cup qualifier in Trinidad and Tobago,−4 +4,1456 1933,−4 0,94 9
March 28 2017,Uzbekistan,Qatar,1 0,World Cup qualifier in Uzbekistan,+10 −10,1645 1529,+1 −1,52 76
March 28 2017,Yemen,Tajikistan,2 1,Asian Cup qualifier in Qatar,+23 −23,1222 1229,+8 −3,156 151
April 26 2017,Martinique,Guadeloupe,4 1,Friendly in Martinique,+5 −5,1485 1274,0 0,85 141
April 29 2017,Grenada,Trinidad and Tobago,2 2,Friendly in Grenada,+6 −6,1125 1450,+1 −1,175 95
April 29 2017,Monaco,Vatican,0 0,Friendly in Italy,−6 +6,903 692,−1 +3,200 219
May 6 2017,Saint Kitts and Nevis,Barbados,2 1,Friendly in Saint Kitts and Nevis,+4 −4,1268 1144,+2 0,144 171
May 17 2017,Guadeloupe,Dominica,2 2,Friendly in Guadeloupe,−8 +8,1266 965,−5 +2,146 192
May 25 2017,Fiji,Solomon Islands,1 1,Friendly in Fiji,−5 +5,1215 1138,−2 0,159 172
May 26 2017,Swaziland,Lesotho,1 0,Friendly in Swaziland,+4 −4,1339 1210,+1 −1,122 162
May 27 2017,Croatia,Mexico,2 1,Friendly in the United States,+12 −12,1870 1921,+3 −2,13 11
May 27 2017,El Salvador,Honduras,2 2,Friendly in the United States,+5 −5,1431 1592,0 0,101 62
May 28 2017,Fiji,Solomon Islands,1 0,Friendly in Fiji,+5 −5,1220 1133,+1 0,158 172
May 28 2017,Swaziland,Lesotho,0 1,Friendly in Swaziland,−16 +16,1323 1226,−4 +8,126 154
May 31 2017,Italy,San Marino,8 0,Friendly in Italy,0 0,1957 859,0 0,8 204
May 31 2017,Morocco,Netherlands,1 2,Friendly in Morocco,−7 +7,1613 1840,−1 0,58 18
June 1 2017,Iraq,Jordan,1 0,Friendly in Iraq,+8 −8,1499 1508,0 −3,84 83
June 1 2017,Mexico,Ireland,3 1,Friendly in the United States,+9 −9,1930 1771,+2 −1,9 25
June 1 2017,Nigeria,Togo,3 0,Friendly in France,+6 −6,1676 1385,+1 −3,48 112
June 1 2017,Switzerland,Belarus,1 0,Friendly in Switzerland,+2 −2,1861 1553,0 −1,16 71
June 2 2017,Chile,Burkina Faso,3 0,Friendly in Chile,+2 −2,1982 1607,0 −1,6 60
June 2 2017,France,Paraguay,5 0,Friendly in France,+4 −4,1994 1717,0 −1,5 35
June 2 2017,Nicaragua,Bolivia,0 1,Friendly in Nicaragua,−4 +4,1317 1685,−1 +4,129 40
June 2 2017,Northern Ireland,New Zealand,1 0,Friendly in Northern Ireland,+5 −5,1668 1561,0 −1,51 68
June 2 2017,Oman,Syria,1 1,Friendly in Oman,0 0,1465 1564,0 +1,88 67
June 3 2017,Ethiopia,Uganda,0 0,Friendly in Ethiopia,+2 −2,1303 1459,0 −2,133 92
June 3 2017,Portugal,Cyprus,4 0,Friendly in Portugal,+1 −1,1924 1412,0 0,11 104
June 3 2017,United States,Venezuela,1 1,Friendly in the United States,−5 +5,1747 1685,0 +5,32 40
June 4 2017,Armenia,Saint Kitts and Nevis,5 0,Friendly in Armenia,+5 −5,1520 1263,0 −3,80 146
June 4 2017,Gabon,Zambia,0 0,Friendly in Gabon,−3 +3,1443 1448,−2 +1,98 96
June 4 2017,Ireland,Uruguay,3 1,Friendly in Ireland,+15 −15,1786 1855,+3 −3,22 16
June 4 2017,Lesotho,Mauritania,1 0,Friendly in South Africa,+13 −13,1239 1312,+4 −4,150 129
June 4 2017,Luxembourg,Albania,2 1,Friendly in Luxembourg,+16 −16,1247 1552,+2 −5,148 71
June 4 2017,Montenegro,Iran,1 2,Friendly in Montenegro,−7 +7,1578 1782,−1 0,64 24
June 4 2017,Netherlands,Ivory Coast,5 0,Friendly in the Netherlands,+8 −8,1848 1689,+1 0,17 39
June 4 2017,Togo,Comoros,2 0,Friendly in France,+3 −3,1388 1019,+2 0,110 186
June 5 2017,Belgium,Czechia,2 1,Friendly in Belgium,+3 −3,1890 1700,0 0,12 38
June 5 2017,Democratic Republic of Congo,Botswana,2 0,Friendly in Morocco,+5 −5,1589 1278,0 0,63 140
June 5 2017,Egypt,Libya,1 0,Friendly in Egypt,+3 −3,1687 1458,+2 −2,41 92
June 5 2017,Hungary,Russia,0 3,Friendly in Hungary,−23 +23,1659 1697,−6 +10,51 39
June 5 2017,Liberia,Sierra Leone,1 0,Friendly in Liberia,+9 −9,1327 1364,+2 0,125 117
June 5 2017,Macedonia,Turkey,0 0,Friendly in Macedonia,+6 −6,1451 1788,+2 0,95 20
June 5 2017,Senegal,Uganda,0 0,Friendly in Senegal,−8 +8,1703 1467,−1 +4,37 88
June 6 2017,Afghanistan,Maldives,2 1,Friendly in the United Arab Emirates,+4 −4,1160 937,+2 0,168 197
June 6 2017,Algeria,Guinea,2 1,Friendly in Algeria,+5 −5,1609 1504,+2 −1,59 83
June 6 2017,Bahrain,Palestine,0 2,Friendly in Bahrain,−21 +21,1385 1376,−6 +3,111 115
June 6 2017,Denmark,Germany,1 1,Friendly in Denmark,+6 −6,1726 2041,0 0,34 2
June 6 2017,India,Nepal,2 0,Friendly in India,+4 −4,1134 893,+1 0,172 201
June 6 2017,Israel,Moldova,1 1,Friendly in Israel,−8 +8,1614 1353,−1 +1,57 119
June 6 2017,Qatar,North Korea,2 2,Friendly in Qatar,−3 +3,1526 1526,0 +3,76 76
June 6 2017,Singapore,Myanmar,1 1,Friendly in Singapore,−4 +4,1117 1061,0 +1,176 184
June 6 2017,Ukraine,Malta,0 1,Friendly in Austria,−19 +19,1741 1230,−3 +10,33 152
June 6 2017,Uzbekistan,Thailand,2 0,Friendly in Uzbekistan,+3 −3,1648 1383,0 −1,52 112
June 7 2017,Bolivia,Nicaragua,3 2,Friendly in Bolivia,+1 −1,1686 1316,0 0,42 128
June 7 2017,China,Philippines,8 1,Friendly in China,+4 −4,1546 1219,+1 −2,73 159
June 7 2017,Fiji,New Caledonia,2 2,World Cup qualifier in Fiji,0 0,1220 1322,+1 0,158 127
June 7 2017,Finland,Liechtenstein,1 1,Friendly in Finland,−9 +9,1541 1166,−2 +2,74 168
June 7 2017,Georgia,Saint Kitts and Nevis,3 0,Friendly in Georgia,+5 −5,1469 1258,+2 0,88 146
June 7 2017,Ghana,Gambia,2 1,Friendly in Ghana,+2 −2,1573 1288,0 0,65 136
June 7 2017,Hong Kong,Jordan,0 0,Friendly in Hong Kong,+6 −6,1189 1502,+1 −2,166 84
June 7 2017,Iraq,South Korea,0 0,Friendly in the United Arab Emirates,+6 −6,1505 1759,+2 −1,82 29
June 7 2017,Italy,Uruguay,3 0,Friendly in France,+13 −13,1970 1842,+1 −2,7 18
June 7 2017,Japan,Syria,1 1,Friendly in Japan,−7 +7,1774 1571,0 0,25 66
June 7 2017,Spain,Colombia,2 2,Friendly in Spain,−4 +4,2001 1963,−1 −1,4 8
June 7 2017,United Arab Emirates,Laos,4 0,Friendly in Malaysia,+1 −1,1548 805,+1 0,72 208
June 8 2017,Australia,Saudi Arabia,3 2,World Cup qualifier in Australia,+10 −10,1720 1606,+1 −5,35 61
June 8 2017,Cambodia,Indonesia,0 2,Friendly in Cambodia,−4 +4,795 1236,−1 0,211 151
June 8 2017,Costa Rica,Panama,0 0,World Cup qualifier in Costa Rica,−11 +11,1757 1655,−3 +1,29 52
June 8 2017,Ecuador,Venezuela,1 1,Friendly in the United States,−3 +3,1798 1688,0 +2,19 41
June 8 2017,Grenada,Bermuda,2 2,Friendly in Grenada,−1 +1,1124 1201,0 0,175 164
June 8 2017,Mexico,Honduras,3 0,World Cup qualifier in Mexico,+5 −5,1935 1587,0 −1,9 63
June 8 2017,Peru,Paraguay,1 0,Friendly in Peru,+4 −4,1852 1713,0 −1,16 36
June 8 2017,United States,Trinidad and Tobago,2 0,World Cup qualifier in the United States,+6 −6,1753 1444,0 −1,31 97
June 9 2017,Andorra,Hungary,1 0,World Cup qualifier in Andorra,+39 −39,1022 1620,+5 −3,186 54
June 9 2017,Argentina,Brazil,1 0,Friendly in Australia,+13 −13,2017 2109,0 0,3 1
June 9 2017,Belarus,Bulgaria,2 1,World Cup qualifier in Belarus,+19 −19,1572 1613,+4 −1,66 56
June 9 2017,Bosnia and Herzegovina,Greece,0 0,World Cup qualifier in Bosnia and Herzegovina,−10 +10,1754 1679,−3 +3,30 46
June 9 2017,Cyprus,Gibraltar,2 1,World Cup qualifier in Portugal,+6 −6,1418 1090,+1 0,103 180
June 9 2017,Estonia,Belgium,0 2,World Cup qualifier in Estonia,−8 +8,1466 1898,−3 0,89 12
June 9 2017,Faroe Islands,Switzerland,0 2,World Cup qualifier in the Faroe Islands,−4 +4,1281 1865,−2 +1,139 14
June 9 2017,Latvia,Portugal,0 3,World Cup qualifier in Latvia,−6 +6,1395 1930,−1 +1,107 10
June 9 2017,Libya,Seychelles,5 1,African Nations Cup qualifier in Egypt,+4 −4,1462 955,+1 0,91 194
June 9 2017,Netherlands,Luxembourg,5 0,World Cup qualifier in the Netherlands,+1 −1,1849 1246,0 +1,17 147
June 9 2017,Russia,Chile,1 1,Friendly in Russia,+5 −5,1702 1977,+1 +1,38 5
June 9 2017,Solomon Islands,Papua New Guinea,3 2,World Cup qualifier in the Solomon Islands,+14 −14,1147 1115,+2 −2,171 176
June 9 2017,Sudan,Madagascar,1 3,African Nations Cup qualifier in Sudan,−40 +40,1245 1309,−11 +12,148 130
June 9 2017,Sweden,France,2 1,World Cup qualifier in Sweden,+26 −26,1813 1968,+2 −2,19 7
June 10 2017,Azerbaijan,Northern Ireland,0 1,World Cup qualifier in Azerbaijan,−13 +13,1423 1681,−1 +4,101 46
June 10 2017,Botswana,Mauritania,0 1,African Nations Cup qualifier in Botswana,−24 +24,1254 1336,−6 +5,146 124
June 10 2017,Burkina Faso,Angola,3 1,African Nations Cup qualifier in Burkina Faso,+4 −4,1611 1220,+2 −1,58 157
June 10 2017,Burundi,South Sudan,3 0,African Nations Cup qualifier in Burundi,+9 −9,1315 1065,+3 0,130 183
June 10 2017,Cameroon,Morocco,1 0,African Nations Cup qualifier in Cameroon,+11 −11,1694 1602,+5 −5,40 61
June 10 2017,Democratic Republic of Congo,Congo,3 1,African Nations Cup qualifier in the Dem Rep of the Congo,+10 −10,1599 1408,0 −1,62 104
June 10 2017,Germany,San Marino,7 0,World Cup qualifier in Germany,0 0,2041 859,0 −1,2 205
June 10 2017,Grenada,Bermuda,1 2,Friendly in Grenada,−11 +11,1113 1212,−1 +1,175 163
June 10 2017,Guinea-Bissau,Namibia,1 0,African Nations Cup qualifier in Guinea-Bissau,+20 −20,1291 1355,+6 −2,135 119
June 10 2017,Ivory Coast,Guinea,2 3,African Nations Cup qualifier in Ivory Coast,−34 +34,1655 1538,−9 +8,49 75
June 10 2017,Kazakhstan,Denmark,1 3,World Cup qualifier in Kazakhstan,−12 +12,1369 1738,−3 0,117 34
June 10 2017,Lithuania,Slovakia,1 2,World Cup qualifier in Lithuania,−10 +10,1448 1767,−2 +1,95 27
June 10 2017,Malawi,Comoros,1 0,African Nations Cup qualifier in Malawi,+3 −3,1338 1016,0 −1,123 188
June 10 2017,Mali,Gabon,2 1,African Nations Cup qualifier in Mali,+10 −10,1534 1433,+3 0,76 98
June 10 2017,Montenegro,Armenia,4 1,World Cup qualifier in Montenegro,+20 −20,1598 1500,+1 −4,63 84
June 10 2017,Niger,Swaziland,0 0,African Nations Cup qualifier in Niger,−4 +4,1290 1327,−2 +1,137 125
June 10 2017,Nigeria,South Africa,0 2,African Nations Cup qualifier in Nigeria,−43 +43,1633 1651,−5 +8,54 51
June 10 2017,Norway,Czechia,1 1,World Cup qualifier in Norway,+2 −2,1562 1698,+1 0,68 39
June 10 2017,Poland,Romania,3 1,World Cup qualifier in Poland,+10 −10,1873 1667,+2 0,13 48
June 10 2017,Scotland,England,2 2,World Cup qualifier in Scotland,+8 −8,1687 1918,+4 0,42 11
June 10 2017,Senegal,Equatorial Guinea,3 0,African Nations Cup qualifier in Senegal,+5 −5,1708 1340,0 −1,37 122
June 10 2017,Sierra Leone,Kenya,2 1,African Nations Cup qualifier in Sierra Leone,+16 −16,1380 1384,+4 −5,114 111
June 10 2017,Singapore,Taiwan,1 2,Asian Cup qualifier in Singapore,−36 +36,1081 890,−5 +3,180 202
June 10 2017,Slovenia,Malta,2 0,World Cup qualifier in Slovenia,+3 −3,1642 1227,0 −2,53 154
June 10 2017,Tanzania,Lesotho,1 1,African Nations Cup qualifier in Tanzania,−10 +10,1326 1249,−5 +3,127 147
June 10 2017,Zambia,Mozambique,0 1,African Nations Cup qualifier in Zambia,−31 +31,1417 1365,−7 +6,103 118
June 11 2017,Algeria,Togo,1 0,African Nations Cup qualifier in Algeria,+5 −5,1614 1383,+3 −3,56 111
June 11 2017,Benin,Gambia,1 0,African Nations Cup qualifier in Benin,+10 −10,1396 1278,+3 −2,106 140
June 11 2017,Cape Verde,Uganda,0 1,African Nations Cup qualifier in Cape Verde,−24 +24,1419 1491,−5 +3,102 85
June 11 2017,Central African Republic,Rwanda,2 1,African Nations Cup qualifier in Central African Republic,+16 −16,1301 1293,+6 −4,133 135
June 11 2017,Finland,Ukraine,1 2,World Cup qualifier in Finland,−14 +14,1527 1755,−3 +2,77 31
June 11 2017,Ghana,Ethiopia,5 0,African Nations Cup qualifier in Ghana,+8 −8,1581 1295,0 0,65 134
June 11 2017,Iceland,Croatia,1 0,World Cup qualifier in Iceland,+19 −19,1802 1851,+3 −2,20 16
June 11 2017,Ireland,Austria,1 1,World Cup qualifier in Ireland,−10 +10,1776 1695,−2 +5,24 40
June 11 2017,Israel,Albania,0 3,World Cup qualifier in Israel,−50 +50,1564 1602,−13 +11,69 60
June 11 2017,Italy,Liechtenstein,5 0,World Cup qualifier in Italy,0 0,1970 1166,0 0,6 168
June 11 2017,Kosovo,Turkey,1 4,World Cup qualifier in Albania,−6 +6,1384 1794,−2 −1,109 22
June 11 2017,Macedonia,Spain,1 2,World Cup qualifier in Macedonia,−3 +3,1448 2004,0 0,94 4
June 11 2017,Mexico,United States,1 1,World Cup qualifier in Mexico,−13 +13,1922 1766,−1 +3,10 28
June 11 2017,Moldova,Georgia,2 2,World Cup qualifier in Moldova,+1 −1,1354 1468,0 −1,120 88
June 11 2017,New Caledonia,Fiji,2 1,World Cup qualifier in New Caledonia,+10 −10,1332 1210,+3 −6,125 163
June 11 2017,Serbia,Wales,1 1,World Cup qualifier in Serbia,−4 +4,1742 1772,−1 0,33 26
June 11 2017,Tunisia,Egypt,1 0,African Nations Cup qualifier in Tunisia,+22 −22,1577 1665,+4 −6,66 48
June 11 2017,Zimbabwe,Liberia,3 0,African Nations Cup qualifier in Zimbabwe,+19 −19,1423 1308,+5 −6,100 131
June 12 2017,Belarus,New Zealand,1 0,Friendly in Belarus,+7 −7,1579 1554,+1 0,66 71
June 12 2017,Iran,Uzbekistan,2 0,World Cup qualifier in Iran,+12 −12,1794 1636,+1 −1,22 53
June 12 2017,Latvia,Estonia,1 2,Friendly in Latvia,−11 +11,1384 1477,−1 +2,108 87
June 13 2017,Australia,Brazil,0 4,Friendly in Australia,−6 +6,1714 2115,0 0,35 1
June 13 2017,Bhutan,Maldives,0 2,Asian Cup qualifier in Bhutan,−13 +13,595 950,−1 +2,232 195
June 13 2017,Cambodia,Afghanistan,1 0,Asian Cup qualifier in Cambodia,+33 −33,828 1127,+3 −4,208 173
June 13 2017,Canada,Curaçao,2 1,Friendly in Canada,+2 −2,1533 1225,−1 0,77 154
June 13 2017,Colombia,Cameroon,4 0,Friendly in Spain,+7 −7,1970 1687,+2 −1,6 42
June 13 2017,Costa Rica,Trinidad and Tobago,2 1,World Cup qualifier in Costa Rica,+3 −3,1760 1441,+1 0,29 96
June 13 2017,Ecuador,El Salvador,3 0,Friendly in the United States,+4 −4,1802 1427,+1 −1,20 99
June 13 2017,France,England,3 2,Friendly in France,+6 −6,1974 1912,+2 0,5 11
June 13 2017,Hong Kong,North Korea,1 1,Asian Cup qualifier in Hong Kong,+12 −12,1201 1514,+1 −3,165 81
June 13 2017,India,Kyrgyzstan,1 0,Asian Cup qualifier in India,+20 −20,1154 1208,+2 −9,171 162
June 13 2017,Indonesia,Puerto Rico,0 0,Friendly in Indonesia,−7 +7,1229 1026,−1 +1,152 186
June 13 2017,Iraq,Japan,1 1,World Cup qualifier in Iran,+13 −13,1518 1761,+2 −3,80 28
June 13 2017,Macao,Myanmar,0 4,Asian Cup qualifier in Macao,−13 +13,673 1074,−1 +1,224 183
June 13 2017,Malaysia,Lebanon,1 2,Asian Cup qualifier in Malaysia,−11 +11,1100 1387,−1 +6,177 109
June 13 2017,Nepal,Yemen,0 0,Asian Cup qualifier in Nepal,+12 −12,905 1210,+2 −4,199 160
June 13 2017,Norway,Sweden,1 1,Friendly in Norway,+4 −4,1566 1809,+1 0,69 19
June 13 2017,Palestine,Oman,2 1,Asian Cup qualifier in Palestine,+19 −19,1395 1446,+7 −5,108 95
June 13 2017,Panama,Honduras,2 2,World Cup qualifier in Panama,−9 +9,1646 1596,−1 0,50 64
June 13 2017,Papua New Guinea,Solomon Islands,1 2,World Cup qualifier in Papua New Guinea,−24 +24,1091 1171,−4 +3,178 168
June 13 2017,Peru,Jamaica,3 1,Friendly in Peru,+2 −2,1854 1523,0 +1,15 79
June 13 2017,Qatar,South Korea,3 2,World Cup qualifier in Qatar,+27 −27,1553 1732,+6 −5,72 34
June 13 2017,Romania,Chile,3 2,Friendly in Romania,+15 −15,1682 1962,+2 −3,45 8
June 13 2017,Singapore,Argentina,0 6,Friendly in Singapore,0 0,1081 2017,0 0,180 3
June 13 2017,South Africa,Zambia,1 2,Friendly in South Africa,−17 +17,1634 1434,−2 +7,53 97
June 13 2017,Syria,China,2 2,World Cup qualifier in Malaysia,−1 +1,1570 1547,0 0,68 73
June 13 2017,Tajikistan,Philippines,3 4,Asian Cup qualifier in Tajikistan,−26 +26,1203 1245,−11 +9,163 149
June 13 2017,Thailand,United Arab Emirates,1 1,World Cup qualifier in Thailand,+4 −4,1387 1544,+2 −2,109 74
June 13 2017,Turkmenistan,Bahrain,1 2,Asian Cup qualifier in Turkmenistan,−19 +19,1248 1404,−5 +1,147 106
June 13 2017,Vietnam,Jordan,0 0,Asian Cup qualifier in Vietnam,+7 −7,1275 1495,0 −1,141 84
June 17 2017,Curaçao,Nicaragua,0 0,Friendly in Curaçao,0 0,1225 1316,0 0,154 128
June 17 2017,French Guiana,Barbados,3 0,Friendly in French Guiana,+5 −5,1358 1139,+2 0,119 172
June 17 2017,Russia,New Zealand,2 0,Confederations Cup in Russia,+15 −15,1717 1539,+3 −3,35 74
June 18 2017,Chile,Cameroon,2 0,Confederations Cup in Russia,+13 −13,1975 1674,+3 −5,5 47
June 18 2017,Mexico,Portugal,2 2,Confederations Cup in Russia,+1 −1,1923 1929,0 0,10 9
June 19 2017,Germany,Australia,3 2,Confederations Cup in Russia,+7 −7,2048 1707,0 −2,2 38
June 21 2017,Mexico,New Zealand,2 1,Confederations Cup in Russia,+5 −5,1928 1534,0 −1,10 75
June 21 2017,Russia,Portugal,0 1,Confederations Cup in Russia,−17 +17,1700 1946,−3 0,38 9
June 22 2017,Australia,Cameroon,1 1,Confederations Cup in Russia,−2 +2,1705 1676,0 0,37 47
June 22 2017,Chile,Germany,1 1,Confederations Cup in Russia,+5 −5,1980 2043,0 0,5 2
June 22 2017,Jamaica,French Guiana,1 1,Caribbean Championship in Martinique,−9 +9,1514 1367,−1 +1,80 118
June 22 2017,Martinique,Curaçao,1 2,Caribbean Championship in Martinique,−36 +36,1449 1261,−6 +11,92 143
June 24 2017,Portugal,New Zealand,4 0,Confederations Cup in Russia,+8 −8,1954 1526,0 −3,9 78
June 24 2017,Russia,Mexico,1 2,Confederations Cup in Russia,−16 +16,1684 1944,−5 0,43 10
June 25 2017,Angola,Mauritius,1 0,COSAFA Cup in South Africa,+11 −11,1231 1050,+2 0,153 185
June 25 2017,Australia,Chile,1 1,Confederations Cup in Russia,+16 −16,1721 1964,+2 −3,35 8
June 25 2017,Curaçao,Jamaica,2 1,Caribbean Championship in Martinique,+32 −32,1293 1482,+8 −5,135 85
June 25 2017,Germany,Cameroon,3 1,Confederations Cup in Russia,+8 −8,2051 1668,0 0,2 47
June 25 2017,Martinique,French Guiana,0 1,Caribbean Championship in Martinique,−30 +30,1419 1397,−10 +11,102 107
June 25 2017,Tanzania,Malawi,2 0,COSAFA Cup in South Africa,+31 −31,1357 1307,+7 −9,120 132
June 26 2017,Madagascar,Seychelles,2 0,COSAFA Cup in South Africa,+7 −7,1316 948,+2 −2,127 196
June 26 2017,Zimbabwe,Mozambique,4 0,COSAFA Cup in South Africa,+31 −31,1454 1334,+8 −5,92 124
June 27 2017,Angola,Tanzania,0 0,COSAFA Cup in South Africa,+7 −7,1238 1350,0 −2,153 121
June 27 2017,Malawi,Mauritius,0 0,COSAFA Cup in South Africa,−13 +13,1294 1063,−2 0,134 185
June 28 2017,Chile,Portugal,0 0,Confederations Cup in Russia,−1 +1,1963 1955,0 0,8 9
June 28 2017,Grenada,Dominica,1 1,Windward Islands Championship in Grenada,−9 +9,1104 974,−1 0,175 192
June 28 2017,Madagascar,Zimbabwe,0 0,COSAFA Cup in South Africa,+8 −8,1324 1446,0 −2,127 94
June 28 2017,Mexico,Ghana,1 0,Friendly in the United States,+2 −2,1946 1579,0 0,10 65
June 28 2017,Mozambique,Seychelles,2 1,COSAFA Cup in South Africa,+4 −4,1338 944,+1 −1,123 197
June 28 2017,Saint Lucia,St Vincent & Grenadines,2 1,Windward Islands Championship in Grenada,+15 −15,1118 1090,+2 −3,174 178
June 29 2017,Angola,Malawi,0 0,COSAFA Cup in South Africa,+3 −3,1241 1291,0 −2,153 136
June 29 2017,Germany,Mexico,4 1,Confederations Cup in Russia,+31 −31,2082 1915,0 0,2 10
June 29 2017,Mauritius,Tanzania,1 1,COSAFA Cup in South Africa,+14 −14,1077 1336,+2 −2,183 123
June 30 2017,Dominica,Barbados,2 1,Windward Islands Championship in Grenada,+22 −22,996 1117,+2 −2,190 174
June 30 2017,Grenada,Saint Lucia,2 0,Windward Islands Championship in Grenada,+17 −17,1121 1101,+2 −1,173 175
June 30 2017,Madagascar,Mozambique,4 1,COSAFA Cup in South Africa,+36 −36,1360 1302,+8 −9,119 131
June 30 2017,Zimbabwe,Seychelles,6 0,COSAFA Cup in South Africa,+4 −4,1450 940,+2 0,92 197
July 1 2017,Lesotho,Namibia,0 0,COSAFA Cup in South Africa,+6 −6,1255 1349,+2 −1,145 121
July 1 2017,Mexico,Paraguay,2 1,Friendly in the United States,+5 −5,1920 1708,0 0,10 36
July 1 2017,United States,Ghana,2 1,Friendly in the United States,+3 −3,1769 1576,+1 −2,26 67
July 1 2017,Zambia,Botswana,2 1,COSAFA Cup in South Africa,+10 −10,1444 1244,+1 −5,96 151
July 2 2017,Germany,Chile,1 0,Confederations Cup in Russia,+17 −17,2099 1946,0 −1,2 9
July 2 2017,Portugal,Mexico,2 1,Confederations Cup in Russia,+22 −22,1977 1898,+4 −1,5 11
July 2 2017,South Africa,Tanzania,0 1,COSAFA Cup in South Africa,−36 +36,1598 1372,−9 +5,62 118
July 2 2017,Zimbabwe,Swaziland,2 1,COSAFA Cup in South Africa,+13 −13,1463 1314,+3 −2,89 128
July 3 2017,Barbados,Saint Lucia,1 1,Windward Islands Championship in Grenada,−1 +1,1116 1102,0 0,174 175
July 3 2017,Grenada,St Vincent & Grenadines,4 3,Windward Islands Championship in Grenada,+10 −10,1131 1080,+1 −2,172 180
July 3 2017,Nicaragua,Canada,3 1,Friendly in the United States,+23 −23,1339 1510,+2 −4,124 80
July 4 2017,Dominica,Saint Lucia,0 0,Windward Islands Championship in Grenada,+4 −4,1000 1098,0 −1,190 176
July 4 2017,Namibia,Swaziland,1 0,COSAFA Cup in South Africa,+18 −18,1367 1296,+2 −4,120 132
July 4 2017,South Africa,Botswana,2 0,COSAFA Cup in South Africa,+4 −4,1602 1240,+3 −2,59 153
July 4 2017,St Vincent & Grenadines,Barbados,4 2,Windward Islands Championship in Grenada,+25 −25,1105 1091,+6 −3,174 177
July 5 2017,Zambia,Tanzania,4 2,COSAFA Cup in South Africa,+24 −24,1468 1348,+7 −4,89 122
July 5 2017,Zimbabwe,Lesotho,4 3,COSAFA Cup in South Africa,+9 −9,1472 1246,+2 −2,87 147
July 6 2017,Dominica,St Vincent & Grenadines,2 2,Windward Islands Championship in Grenada,+4 −4,1004 1101,+1 0,189 174
July 6 2017,Grenada,Barbados,0 2,Windward Islands Championship in Grenada,−31 +31,1100 1122,−3 +4,175 173
July 7 2017,Canada,French Guiana,4 2,CONCACAF Championship in the United States,+26 −26,1536 1371,+5 −10,75 117
July 7 2017,Costa Rica,Honduras,1 0,CONCACAF Championship in the United States,+14 −14,1774 1582,+4 0,25 64
July 7 2017,Lesotho,Tanzania,0 0,COSAFA Cup in South Africa,+6 −6,1252 1342,+1 0,146 122
July 7 2017,South Africa,Namibia,1 0,COSAFA Cup in South Africa,+5 −5,1607 1362,+1 0,58 119
July 8 2017,Martinique,Nicaragua,2 0,CONCACAF Championship in the United States,+29 −29,1448 1310,+8 −3,94 127
July 8 2017,United States,Panama,1 1,CONCACAF Championship in the United States,−14 +14,1755 1660,−2 +1,29 49
July 9 2017,Jamaica,Curaçao,2 0,CONCACAF Championship in the United States,+19 −19,1501 1274,+2 −8,83 142
July 9 2017,Mexico,El Salvador,3 1,CONCACAF Championship in the United States,+5 −5,1903 1422,0 −2,11 102
July 9 2017,Zimbabwe,Zambia,3 1,COSAFA Cup in South Africa,+30 −30,1502 1438,+5 −9,82 98
July 11 2017,Canada,Costa Rica,1 1,CONCACAF Championship in the United States,+15 −15,1551 1759,+3 −3,72 28
July 11 2017,French Guiana,Honduras,0 0,CONCACAF Championship in the United States,+14 −14,1385 1568,+6 −4,111 68
July 12 2017,Panama,Nicaragua,2 1,CONCACAF Championship in the United States,+6 −6,1666 1304,+1 −2,48 129
July 12 2017,United States,Martinique,3 2,CONCACAF Championship in the United States,+4 −4,1759 1444,+1 −3,28 96
July 13 2017,El Salvador,Curaçao,2 0,CONCACAF Championship in the United States,+22 −22,1444 1252,+6 −3,96 145
July 13 2017,Jamaica,Mexico,0 0,CONCACAF Championship in the United States,+21 −21,1522 1882,+4 −1,79 12
July 14 2017,Canada,Honduras,0 0,CONCACAF Championship in the United States,+1 −1,1552 1567,0 0,72 68
July 14 2017,Costa Rica,French Guiana,3 0,CONCACAF Championship in the United States,+9 −9,1768 1376,+2 −6,26 117
July 14 2017,Thailand,North Korea,3 0,King's Cup in Thailand,+28 −28,1415 1486,+4 −5,105 86
July 15 2017,Panama,Martinique,3 0,CONCACAF Championship in the United States,+19 −19,1685 1425,+5 −4,43 100
July 15 2017,United States,Nicaragua,3 0,CONCACAF Championship in the United States,+3 −3,1762 1301,+1 −1,28 130
July 16 2017,El Salvador,Jamaica,1 1,CONCACAF Championship in the United States,+6 −6,1450 1516,+3 −1,93 80
July 16 2017,Mexico,Curaçao,2 0,CONCACAF Championship in the United States,+2 −2,1884 1250,0 −1,12 146
July 19 2017,Costa Rica,Panama,1 0,CONCACAF Championship in the United States,+19 −19,1787 1666,+2 −5,24 48
July 19 2017,United States,El Salvador,2 0,CONCACAF Championship in the United States,+6 −6,1768 1444,+1 −3,27 96
July 20 2017,Jamaica,Canada,2 1,CONCACAF Championship in the United States,+28 −28,1544 1524,+7 −7,73 79
July 20 2017,Mexico,Honduras,1 0,CONCACAF Championship in the United States,+7 −7,1891 1560,0 −2,12 70
July 22 2017,United States,Costa Rica,2 0,CONCACAF Championship in the United States,+29 −29,1797 1758,+5 −5,22 29
July 23 2017,Jamaica,Mexico,1 0,CONCACAF Championship in the United States,+44 −44,1588 1847,+9 −5,64 17
July 26 2017,Ecuador,Trinidad and Tobago,3 1,Friendly in Ecuador,+2 −2,1804 1439,0 0,20 97
July 26 2017,United States,Jamaica,2 1,CONCACAF Championship in the United States,+7 −7,1804 1581,+2 0,20 64
July 28 2017,Solomon Islands,Vanuatu,0 0,Friendly in the Solomon Islands,−2 +2,1169 1191,0 0,168 167
August 16 2017,Qatar,Andorra,1 0,Friendly in England,+1 −1,1554 1021,0 0,72 187
August 19 2017,India,Mauritius,2 1,Friendly tournament in India,+8 −8,1162 1069,+1 −1,170 184
August 22 2017,Malaysia,Syria,1 2,Friendly in Malaysia,−2 +2,1098 1572,−1 0,176 68
August 22 2017,Mauritius,Saint Kitts and Nevis,1 1,Friendly tournament in India,+7 −7,1076 1251,+1 −2,183 145
August 23 2017,Qatar,Turkmenistan,2 1,Friendly in Qatar,+2 −2,1556 1246,0 0,72 147
August 24 2017,India,Saint Kitts and Nevis,1 1,Friendly tournament in India,0 0,1162 1251,0 0,170 145
August 24 2017,Trinidad and Tobago,Jamaica,1 2,Friendly in Trinidad and Tobago,−9 +9,1430 1590,−2 0,99 64
August 25 2017,Uzbekistan,Kyrgyzstan,5 0,Friendly in Uzbekistan,+2 −2,1638 1206,0 0,52 162
August 26 2017,Iraq,Syria,1 1,Friendly in Malaysia,+2 −2,1520 1570,0 0,80 68
August 29 2017,Bahrain,Jordan,0 0,Friendly in Bahrain,0 0,1404 1495,0 0,107 84
August 29 2017,Myanmar,Malaysia,1 0,Friendly in Myanmar,+8 −8,1082 1090,+4 −2,180 178
August 29 2017,United Arab Emirates,Saudi Arabia,2 1,World Cup qualifier in the United Arab Emirates,+18 −18,1562 1588,+3 −5,71 64
August 30 2017,Oman,Afghanistan,2 0,Friendly in Oman,+2 −2,1448 1125,+2 0,93 172
August 31 2017,Belgium,Gibraltar,9 0,World Cup qualifier in Belgium,+1 −1,1899 1089,+1 −1,10 179
August 31 2017,Brazil,Ecuador,2 0,World Cup qualifier in Brazil,+5 −5,2120 1799,0 −1,1 21
August 31 2017,Bulgaria,Sweden,3 2,World Cup qualifier in Bulgaria,+25 −25,1638 1784,+4 −5,52 24
August 31 2017,Chile,Paraguay,0 3,World Cup qualifier in Chile,−61 +61,1885 1769,−2 +8,11 28
August 31 2017,China,Uzbekistan,1 0,World Cup qualifier in China,+19 −19,1566 1619,+6 −3,68 55
August 31 2017,Cyprus,Bosnia and Herzegovina,3 2,World Cup qualifier in Cyprus,+32 −32,1450 1722,+11 −4,93 35
August 31 2017,France,Netherlands,4 0,World Cup qualifier in France,+16 −16,1990 1833,+1 −2,5 18
August 31 2017,Greece,Estonia,0 0,World Cup qualifier in Greece,−14 +14,1665 1491,−2 +1,48 86
August 31 2017,Guinea,Libya,3 2,World Cup qualifier in Guinea,+11 −11,1549 1451,+2 −2,73 92
August 31 2017,Hungary,Latvia,3 1,World Cup qualifier in Hungary,+8 −8,1628 1376,0 −5,54 116
August 31 2017,Japan,Australia,2 0,World Cup qualifier in Japan,+19 −19,1780 1702,+3 −2,25 37
August 31 2017,Luxembourg,Belarus,1 0,World Cup qualifier in Luxembourg,+32 −32,1278 1547,+7 −9,140 74
August 31 2017,Peru,Bolivia,2 1,World Cup qualifier in Peru,+7 −7,1861 1679,0 −3,14 45
August 31 2017,Portugal,Faroe Islands,5 1,World Cup qualifier in Portugal,+1 −1,1978 1280,−1 +1,6 138
August 31 2017,Singapore,Hong Kong,1 1,Friendly in Singapore,+1 −1,1082 1200,+1 0,180 165
August 31 2017,South Korea,Iran,0 0,World Cup qualifier in South Korea,−2 +2,1730 1796,0 +1,34 22
August 31 2017,Switzerland,Andorra,3 0,World Cup qualifier in Switzerland,0 0,1865 1021,0 0,13 187
August 31 2017,Syria,Qatar,3 1,World Cup qualifier in Malaysia,+29 −29,1599 1527,+7 −4,61 77
August 31 2017,Thailand,Iraq,1 2,World Cup qualifier in Thailand,−20 +20,1395 1540,−3 +5,108 75
August 31 2017,Togo,Niger,2 0,Friendly in Morocco,+11 −11,1394 1279,+4 −1,110 139
August 31 2017,Uganda,Egypt,1 0,World Cup qualifier in Uganda,+24 −24,1515 1641,+4 −2,81 51
August 31 2017,Uruguay,Argentina,0 0,World Cup qualifier in Uruguay,+4 −4,1846 2013,+1 0,17 3
August 31 2017,Venezuela,Colombia,0 0,World Cup qualifier in Venezuela,+10 −10,1698 1960,+2 −1,38 8
September 1 2017,Cape Verde,South Africa,2 1,World Cup qualifier in Cape Verde,+25 −25,1444 1582,+8 −8,96 66
September 1 2017,Czechia,Germany,1 2,World Cup qualifier in Czechia,−6 +6,1692 2105,−3 0,41 2
September 1 2017,Denmark,Poland,4 0,World Cup qualifier in Denmark,+41 −41,1779 1832,+7 −6,26 18
September 1 2017,Ghana,Congo,1 1,World Cup qualifier in Ghana,−13 +13,1563 1421,−4 +2,71 103
September 1 2017,Kazakhstan,Montenegro,0 3,World Cup qualifier in Kazakhstan,−23 +23,1346 1621,−3 +7,121 56
September 1 2017,Lithuania,Scotland,0 3,World Cup qualifier in Lithuania,−22 +22,1426 1709,−6 +5,100 36
September 1 2017,Malta,England,0 4,World Cup qualifier in Malta,−2 +2,1225 1914,0 0,155 9
September 1 2017,Mexico,Panama,1 0,World Cup qualifier in Mexico,+7 −7,1854 1659,+2 −1,14 48
September 1 2017,Morocco,Mali,6 0,World Cup qualifier in Morocco,+23 −23,1625 1511,+4 −5,55 81
September 1 2017,New Zealand,Solomon Islands,6 1,World Cup qualifier in New Zealand,+5 −5,1531 1164,+3 −1,76 169
September 1 2017,Nigeria,Cameroon,4 0,World Cup qualifier in Nigeria,+31 −31,1664 1637,+6 −6,47 52
September 1 2017,Norway,Azerbaijan,2 0,World Cup qualifier in Norway,+12 −12,1578 1411,+1 −2,67 105
September 1 2017,Romania,Armenia,1 0,World Cup qualifier in Romania,+7 −7,1689 1493,+1 −1,42 85
September 1 2017,San Marino,Northern Ireland,0 3,World Cup qualifier in San Marino,−1 +1,858 1682,0 0,205 44
September 1 2017,Slovakia,Slovenia,1 0,World Cup qualifier in Slovakia,+9 −9,1776 1633,+2 −3,27 53
September 1 2017,Trinidad and Tobago,Honduras,1 2,World Cup qualifier in Trinidad and Tobago,−18 +18,1412 1578,−4 +5,104 67
September 1 2017,Tunisia,Democratic Republic of Congo,2 1,World Cup qualifier in Tunisia,+16 −16,1593 1583,+4 −4,62 65
September 1 2017,United States,Costa Rica,0 2,World Cup qualifier in the United States,−42 +42,1762 1800,−12 +10,31 20
September 2 2017,Albania,Liechtenstein,2 0,World Cup qualifier in Albania,+3 −3,1605 1163,+1 −1,59 169
September 2 2017,Canada,Jamaica,2 0,Friendly in Canada,+14 −14,1538 1576,+3 −5,76 68
September 2 2017,Finland,Iceland,1 0,World Cup qualifier in Finland,+29 −29,1556 1773,+5 −9,72 28
September 2 2017,Gabon,Ivory Coast,0 3,World Cup qualifier in Gabon,−23 +23,1410 1678,−6 +3,105 46
September 2 2017,Georgia,Ireland,1 1,World Cup qualifier in Georgia,+11 −11,1479 1765,+1 −4,88 31
September 2 2017,Indonesia,Fiji,0 0,Friendly in Indonesia,−3 +3,1226 1213,0 +1,154 159
September 2 2017,Israel,Macedonia,0 1,World Cup qualifier in Israel,−31 +31,1533 1479,−7 +6,77 88
September 2 2017,Mozambique,Kenya,1 1,Friendly in Mozambique,−1 +1,1301 1385,0 0,129 112
September 2 2017,Senegal,Burkina Faso,0 0,World Cup qualifier in Senegal,−10 +10,1698 1621,−1 +3,38 56
September 2 2017,Serbia,Moldova,3 0,World Cup qualifier in Serbia,+4 −4,1746 1350,0 0,33 120
September 2 2017,Spain,Italy,3 0,World Cup qualifier in Spain,+22 −22,2026 1948,+1 −1,3 8
September 2 2017,Tanzania,Botswana,2 0,Friendly in Tanzania,+7 −7,1349 1233,+1 0,121 153
September 2 2017,Ukraine,Turkey,2 0,World Cup qualifier in Ukraine,+25 −25,1780 1769,+8 −6,24 29
September 2 2017,Wales,Austria,1 0,World Cup qualifier in Wales,+11 −11,1783 1684,+6 −2,23 42
September 2 2017,Zambia,Algeria,3 1,World Cup qualifier in Zambia,+36 −36,1474 1578,+8 −7,90 65
September 3 2017,Belarus,Sweden,0 4,World Cup qualifier in Belarus,−23 +23,1524 1807,−5 +3,79 19
September 3 2017,Croatia,Kosovo,1 0,World Cup qualifier in Croatia,+1 −1,1852 1383,0 0,15 113
September 3 2017,Equatorial Guinea,Benin,1 2,Friendly in Equatorial Guinea,−11 +11,1329 1407,−2 +1,125 106
September 3 2017,Estonia,Cyprus,1 0,World Cup qualifier in Estonia,+12 −12,1503 1438,+3 −3,83 98
September 3 2017,Faroe Islands,Andorra,1 0,World Cup qualifier in the Faroe Islands,+4 −4,1284 1017,−1 0,139 187
September 3 2017,France,Luxembourg,0 0,World Cup qualifier in France,−20 +20,1970 1298,−1 +8,6 132
September 3 2017,Gibraltar,Bosnia and Herzegovina,0 4,World Cup qualifier in Portugal,−2 +2,1087 1724,0 0,179 35
September 3 2017,Greece,Belgium,1 2,World Cup qualifier in Greece,−13 +13,1652 1912,−2 0,49 10
September 3 2017,Hungary,Portugal,0 1,World Cup qualifier in Hungary,−8 +8,1620 1986,−3 +1,57 5
September 3 2017,Latvia,Switzerland,0 3,World Cup qualifier in Latvia,−7 +7,1369 1872,−1 0,117 12
September 3 2017,Netherlands,Bulgaria,3 1,World Cup qualifier in the Netherlands,+9 −9,1842 1629,0 −2,17 53
September 4 2017,Armenia,Denmark,1 4,World Cup qualifier in Armenia,−18 +18,1475 1797,−4 +4,90 22
September 4 2017,Azerbaijan,San Marino,5 1,World Cup qualifier in Azerbaijan,+2 −2,1413 856,+1 0,103 205
September 4 2017,Cameroon,Nigeria,1 1,World Cup qualifier in Cameroon,−4 +4,1633 1668,−2 0,53 47
September 4 2017,England,Slovakia,2 1,World Cup qualifier in England,+8 −8,1922 1768,0 −3,9 30
September 4 2017,Germany,Norway,6 0,World Cup qualifier in Germany,+2 −2,2107 1576,0 −2,2 67
September 4 2017,Libya,Guinea,1 0,World Cup qualifier in Tunisia,+25 −25,1476 1524,+5 −5,89 78
September 4 2017,Malawi,Togo,1 0,Friendly in Morocco,+13 −13,1304 1381,+7 −4,129 114
September 4 2017,Montenegro,Romania,1 0,World Cup qualifier in Montenegro,+18 −18,1639 1671,+3 −4,52 45
September 4 2017,Northern Ireland,Czechia,2 0,World Cup qualifier in Northern Ireland,+22 −22,1704 1670,+7 −6,37 46
September 4 2017,Poland,Kazakhstan,3 0,World Cup qualifier in Poland,+2 −2,1834 1344,0 0,18 122
September 4 2017,Scotland,Malta,2 0,World Cup qualifier in Scotland,+2 −2,1711 1223,0 0,36 155
September 4 2017,Slovenia,Lithuania,4 0,World Cup qualifier in Slovenia,+11 −11,1644 1415,+2 −3,50 102
September 5 2017,Algeria,Zambia,0 1,World Cup qualifier in Algeria,−31 +31,1547 1505,−7 +9,72 82
September 5 2017,Argentina,Venezuela,1 1,World Cup qualifier in Argentina,−17 +17,1996 1715,0 +3,4 36
September 5 2017,Australia,Thailand,2 1,World Cup qualifier in Australia,+4 −4,1706 1391,0 −1,38 109
September 5 2017,Austria,Georgia,1 1,World Cup qualifier in Austria,−14 +14,1670 1493,−3 0,44 87
September 5 2017,Bahrain,Taiwan,5 0,Asian Cup qualifier in Bahrain,+2 −2,1406 888,+2 0,105 202
September 5 2017,Bhutan,Palestine,0 2,Asian Cup qualifier in Bhutan,−1 +1,594 1396,0 0,232 108
September 5 2017,Bolivia,Chile,1 0,World Cup qualifier in Bolivia,+26 −26,1705 1859,+4 −3,39 14
September 5 2017,Burkina Faso,Senegal,2 2,World Cup qualifier in Burkina Faso,−1 +1,1620 1699,0 −2,56 41
September 5 2017,Cambodia,Vietnam,1 2,Asian Cup qualifier in Cambodia,−5 +5,823 1280,0 +1,208 141
September 5 2017,Colombia,Brazil,1 1,World Cup qualifier in Colombia,+3 −3,1963 2117,0 0,7 1
September 5 2017,Congo,Ghana,1 5,World Cup qualifier in Congo,−33 +33,1388 1596,−9 +7,110 63
September 5 2017,Costa Rica,Mexico,1 1,World Cup qualifier in Costa Rica,−3 +3,1797 1857,0 −1,20 15
September 5 2017,Democratic Republic of Congo,Tunisia,2 2,World Cup qualifier in the Dem Rep of the Congo,−5 +5,1578 1598,−3 −1,66 62
September 5 2017,Ecuador,Peru,1 2,World Cup qualifier in Ecuador,−22 +22,1777 1883,−5 +2,26 11
September 5 2017,Egypt,Uganda,1 0,World Cup qualifier in Egypt,+9 −9,1650 1506,+2 −1,49 81
September 5 2017,Finland,Kosovo,1 0,World Cup qualifier in Albania,+11 −11,1567 1372,+3 −4,69 116
September 5 2017,Honduras,United States,1 1,World Cup qualifier in Honduras,+5 −5,1583 1757,0 +2,65 30
September 5 2017,Iceland,Ukraine,2 0,World Cup qualifier in Iceland,+22 −22,1795 1758,+5 −4,22 29
September 5 2017,Iran,Syria,2 2,World Cup qualifier in Iran,−14 +14,1782 1613,−2 +1,25 59
September 5 2017,Iraq,United Arab Emirates,1 0,World Cup qualifier in Jordan,+21 −21,1561 1541,+3 −2,70 73
September 5 2017,Ireland,Serbia,0 1,World Cup qualifier in Ireland,−27 +27,1738 1773,−2 +6,33 27
September 5 2017,Italy,Israel,1 0,World Cup qualifier in Italy,+2 −2,1950 1531,0 0,8 75
September 5 2017,Ivory Coast,Gabon,1 2,World Cup qualifier in Ivory Coast,−36 +36,1642 1446,−7 +8,51 97
September 5 2017,Jordan,Afghanistan,4 1,Asian Cup qualifier in Jordan,+4 −4,1499 1121,−1 −1,86 173
September 5 2017,Liechtenstein,Spain,0 8,World Cup qualifier in Liechtenstein,−1 +1,1162 2027,−1 0,170 3
September 5 2017,Macao,India,0 2,Asian Cup qualifier in Macao,−6 +6,667 1168,−1 +1,225 169
September 5 2017,Macedonia,Albania,1 1,World Cup qualifier in Macedonia,+1 −1,1480 1604,−1 −2,88 61
September 5 2017,Malaysia,Hong Kong,1 1,Asian Cup qualifier in Malaysia,+1 −1,1091 1199,+1 0,177 165
September 5 2017,Mali,Morocco,0 0,World Cup qualifier in Mali,+1 −1,1512 1624,+2 0,79 55
September 5 2017,Moldova,Wales,0 2,World Cup qualifier in Moldova,−8 +8,1342 1791,−2 +1,122 23
September 5 2017,Nepal,Tajikistan,1 2,Asian Cup qualifier in Nepal,−10 +10,895 1213,−2 +3,201 160
September 5 2017,Niger,Mauritania,2 0,Friendly in Morocco,+17 −17,1296 1319,+6 −2,134 125
September 5 2017,North Korea,Lebanon,2 2,Asian Cup qualifier in North Korea,−10 +10,1476 1397,−3 +3,89 107
September 5 2017,Oman,Maldives,5 0,Asian Cup qualifier in Oman,+2 −2,1450 948,−1 −1,96 195
September 5 2017,Panama,Trinidad and Tobago,3 0,World Cup qualifier in Panama,+8 −8,1667 1404,+1 −2,47 106
September 5 2017,Paraguay,Uruguay,1 2,World Cup qualifier in Paraguay,−21 +21,1748 1867,−4 +3,32 13
September 5 2017,Philippines,Yemen,2 2,Asian Cup qualifier in the Philippines,−7 +7,1238 1217,−3 +3,152 158
September 5 2017,Qatar,China,1 2,World Cup qualifier in Qatar,−23 +23,1504 1589,−6 +5,83 64
September 5 2017,Saudi Arabia,Japan,1 0,World Cup qualifier in Saudi Arabia,+25 −25,1613 1755,+3 −6,59 31
September 5 2017,Singapore,Turkmenistan,1 1,Asian Cup qualifier in Singapore,+4 −4,1086 1242,0 −2,180 150
September 5 2017,Solomon Islands,New Zealand,2 2,World Cup qualifier in the Solomon Islands,+13 −13,1177 1518,0 −2,168 78
September 5 2017,South Africa,Cape Verde,1 2,World Cup qualifier in South Africa,−32 +32,1550 1476,−7 +7,71 89
September 5 2017,Turkey,Croatia,1 0,World Cup qualifier in Turkey,+19 −19,1788 1833,+4 −3,24 18
September 5 2017,Uzbekistan,South Korea,0 0,World Cup qualifier in Uzbekistan,+1 −1,1620 1729,+2 0,56 34
September 30 2017,Botswana,Ethiopia,2 0,Friendly in Botswana,+13 −13,1246 1282,+5 −4,148 140
October 2 2017,Macao,Laos,3 1,Friendly in Macao,+17 −17,684 788,+2 −3,223 212
October 4 2017,Indonesia,Cambodia,3 1,Friendly in Indonesia,+2 −2,1228 821,0 0,154 208
October 4 2017,Jordan,Oman,1 1,Friendly in the United Arab Emirates,−1 +1,1498 1451,+1 0,85 96
October 4 2017,Uganda,Madagascar,1 2,Friendly in Uganda,−16 +16,1490 1376,−6 +4,87 115
October 5 2017,Argentina,Peru,0 0,World Cup qualifier in Argentina,−11 +11,1985 1894,−1 0,5 11
October 5 2017,Armenia,Poland,1 6,World Cup qualifier in Armenia,−15 +15,1460 1849,−1 +1,93 16
October 5 2017,Azerbaijan,Czechia,1 2,World Cup qualifier in Azerbaijan,−12 +12,1401 1682,−3 +1,106 43
October 5 2017,Bolivia,Brazil,0 0,World Cup qualifier in Bolivia,+14 −14,1719 2103,+2 −1,37 2
October 5 2017,Chile,Ecuador,2 1,World Cup qualifier in Chile,+10 −10,1869 1767,+1 −2,13 28
October 5 2017,Colombia,Paraguay,1 2,World Cup qualifier in Colombia,−34 +34,1929 1782,−1 +6,8 26
October 5 2017,England,Slovenia,1 0,World Cup qualifier in England,+4 −4,1926 1640,0 −1,9 51
October 5 2017,Hong Kong,Laos,4 0,Friendly in Hong Kong,+2 −2,1201 786,0 0,165 212
October 5 2017,Iran,Togo,2 0,Friendly in Iran,+2 −2,1784 1379,0 −1,25 114
October 5 2017,Iraq,Kenya,2 1,Friendly in Iraq,+3 −3,1564 1382,0 0,70 111
October 5 2017,Malta,Lithuania,1 1,World Cup qualifier in Malta,+5 −5,1228 1410,+1 0,154 102
October 5 2017,Montenegro,Denmark,0 1,World Cup qualifier in Montenegro,−17 +17,1622 1814,−3 +1,55 19
October 5 2017,Myanmar,Thailand,1 3,Friendly in Myanmar,−7 +7,1075 1398,−3 +2,184 107
October 5 2017,Northern Ireland,Germany,1 3,World Cup qualifier in Northern Ireland,−9 +9,1695 2116,−1 +1,41 1
October 5 2017,Qatar,Singapore,3 1,Friendly in Qatar,+1 −1,1505 1085,+1 0,81 180
October 5 2017,Romania,Kazakhstan,3 1,World Cup qualifier in Romania,+5 −5,1676 1339,−1 −1,44 122
October 5 2017,San Marino,Norway,0 8,World Cup qualifier in San Marino,−3 +3,853 1579,0 +1,205 66
October 5 2017,Scotland,Slovakia,1 0,World Cup qualifier in Scotland,+18 −18,1729 1750,+3 −4,34 32
October 5 2017,Syria,Australia,1 1,World Cup qualifier in Malaysia,+5 −5,1618 1701,0 −1,59 39
October 5 2017,Taiwan,Mongolia,4 2,Friendly in Taiwan,+4 −4,892 653,0 0,202 226
October 5 2017,Venezuela,Uruguay,0 0,World Cup qualifier in Venezuela,+3 −3,1718 1864,−2 −1,38 14
October 6 2017,Austria,Serbia,3 2,World Cup qualifier in Austria,+20 −20,1690 1753,+3 −3,42 30
October 6 2017,Comoros,Mauritania,1 0,Friendly in Tunisia,+17 −17,1033 1302,+2 −4,186 129
October 6 2017,Croatia,Finland,1 1,World Cup qualifier in Croatia,−16 +16,1817 1583,−1 +4,19 65
October 6 2017,Georgia,Wales,0 1,World Cup qualifier in Georgia,−10 +10,1483 1801,−2 +1,88 22
October 6 2017,Ireland,Moldova,2 0,World Cup qualifier in Ireland,+3 −3,1741 1339,0 0,33 121
October 6 2017,Italy,Macedonia,1 1,World Cup qualifier in Italy,−19 +19,1931 1499,0 +3,7 85
October 6 2017,Japan,New Zealand,2 1,Friendly in Japan,+3 −3,1758 1515,+2 0,29 78
October 6 2017,Kosovo,Ukraine,0 2,World Cup qualifier in Albania,−6 +6,1366 1764,−1 +1,118 28
October 6 2017,Liechtenstein,Israel,0 1,World Cup qualifier in Liechtenstein,−7 +7,1155 1538,−1 +1,171 74
October 6 2017,Mali,Ivory Coast,0 0,World Cup qualifier in Mali,+2 −2,1514 1640,0 0,79 50
October 6 2017,Mexico,Trinidad and Tobago,3 1,World Cup qualifier in Mexico,+2 −2,1859 1402,0 0,15 105
October 6 2017,Spain,Albania,3 0,World Cup qualifier in Spain,+3 −3,2030 1601,0 0,3 61
October 6 2017,Turkey,Iceland,0 3,World Cup qualifier in Turkey,−44 +44,1744 1839,−8 +4,32 18
October 6 2017,United States,Panama,4 0,World Cup qualifier in the United States,+19 −19,1776 1648,+4 −2,26 49
October 7 2017,Andorra,Portugal,0 2,World Cup qualifier in Andorra,0 0,1017 1986,0 0,188 4
October 7 2017,Belarus,Netherlands,1 3,World Cup qualifier in Belarus,−13 +13,1511 1855,−2 +1,78 16
October 7 2017,Bosnia and Herzegovina,Belgium,3 4,World Cup qualifier in Bosnia and Herzegovina,−15 +15,1709 1927,−3 +1,39 9
October 7 2017,Bulgaria,France,0 1,World Cup qualifier in Bulgaria,−8 +8,1621 1978,−4 0,57 6
October 7 2017,Cameroon,Algeria,2 0,World Cup qualifier in Cameroon,+15 −15,1648 1532,+3 −3,49 75
October 7 2017,Cape Verde,Senegal,0 2,World Cup qualifier in Cape Verde,−20 +20,1456 1719,−5 +5,94 35
October 7 2017,Costa Rica,Honduras,1 1,World Cup qualifier in Costa Rica,−14 +14,1783 1597,−1 +3,24 62
October 7 2017,Cyprus,Greece,1 2,World Cup qualifier in Cyprus,−14 +14,1424 1666,−2 0,101 47
October 7 2017,Faroe Islands,Latvia,0 0,World Cup qualifier in the Faroe Islands,−1 +1,1283 1370,0 0,139 117
October 7 2017,Gibraltar,Estonia,0 6,World Cup qualifier in Portugal,−7 +7,1080 1510,−1 +4,180 79
October 7 2017,Grenada,Guyana,1 0,Friendly in Grenada,+10 −10,1110 1187,+1 −1,174 167
October 7 2017,Guinea,Tunisia,1 4,World Cup qualifier in Guinea,−38 +38,1486 1636,−11 +9,87 53
October 7 2017,Libya,Democratic Republic of Congo,1 2,World Cup qualifier in Tunisia,−14 +14,1462 1592,−2 +3,91 65
October 7 2017,Morocco,Gabon,3 0,World Cup qualifier in Morocco,+12 −12,1636 1434,+1 −1,53 98
October 7 2017,Nigeria,Zambia,1 0,World Cup qualifier in Nigeria,+7 −7,1675 1498,0 −3,46 84
October 7 2017,Russia,South Korea,4 2,Friendly in Russia,+13 −13,1697 1716,+2 −4,41 38
October 7 2017,Saudi Arabia,Jamaica,5 2,Friendly in Saudi Arabia,+11 −11,1624 1565,+5 −1,55 70
October 7 2017,South Africa,Burkina Faso,3 1,World Cup qualifier in South Africa,+27 −27,1577 1593,+2 −8,69 64
October 7 2017,Sweden,Luxembourg,8 0,World Cup qualifier in Sweden,+3 −3,1810 1295,0 −2,21 135
October 7 2017,Switzerland,Hungary,5 2,World Cup qualifier in Switzerland,+8 −8,1880 1612,0 −4,12 60
October 7 2017,Tanzania,Malawi,1 1,Friendly in Tanzania,−4 +4,1345 1308,0 +2,120 126
October 7 2017,Uganda,Ghana,0 0,World Cup qualifier in Uganda,0 0,1490 1596,+1 0,86 63
October 8 2017,Czechia,San Marino,5 0,World Cup qualifier in Czechia,0 0,1682 853,0 0,44 205
October 8 2017,Denmark,Romania,1 1,World Cup qualifier in Denmark,−12 +12,1802 1688,−1 +2,21 43
October 8 2017,Egypt,Congo,2 1,World Cup qualifier in Egypt,+4 −4,1654 1384,0 0,48 110
October 8 2017,El Salvador,Canada,1 0,Friendly in the United States,+13 −13,1457 1525,+3 −2,94 75
October 8 2017,Germany,Azerbaijan,5 1,World Cup qualifier in Germany,+1 −1,2117 1400,0 −1,1 107
October 8 2017,Kazakhstan,Armenia,1 1,World Cup qualifier in Kazakhstan,+1 −1,1340 1459,0 −1,121 93
October 8 2017,Lithuania,England,0 1,World Cup qualifier in Lithuania,−3 +3,1407 1929,0 +2,102 8
October 8 2017,Norway,Northern Ireland,1 0,World Cup qualifier in Norway,+21 −21,1600 1674,+6 −4,62 46
October 8 2017,Poland,Montenegro,4 2,World Cup qualifier in Poland,+8 −8,1857 1614,+1 −3,16 59
October 8 2017,Slovakia,Malta,3 0,World Cup qualifier in Slovakia,+2 −2,1752 1226,0 −1,31 155
October 8 2017,Slovenia,Scotland,2 2,World Cup qualifier in Slovenia,−1 +1,1639 1730,−1 0,52 34
October 8 2017,Thailand,Kenya,1 0,Friendly in Thailand,+7 −7,1405 1375,+2 −5,105 116
October 9 2017,Albania,Italy,0 1,World Cup qualifier in Albania,−8 +8,1593 1939,−3 0,64 7
October 9 2017,Equatorial Guinea,Mauritius,3 1,Friendly in Equatorial Guinea,+3 −3,1332 1073,+2 −1,122 184
October 9 2017,Finland,Turkey,2 2,World Cup qualifier in Finland,+3 −3,1586 1741,0 0,68 32
October 9 2017,Iceland,Kosovo,2 0,World Cup qualifier in Iceland,+2 −2,1841 1364,−1 0,19 118
October 9 2017,Israel,Spain,0 1,World Cup qualifier in Israel,−4 +4,1534 2034,0 0,73 3
October 9 2017,Macedonia,Liechtenstein,4 0,World Cup qualifier in Macedonia,+5 −5,1504 1150,+1 0,82 171
October 9 2017,Moldova,Austria,0 1,World Cup qualifier in Moldova,−8 +8,1331 1698,−2 +1,124 41
October 9 2017,Serbia,Georgia,1 0,World Cup qualifier in Serbia,+4 −4,1757 1479,0 0,30 88
October 9 2017,Ukraine,Croatia,0 2,World Cup qualifier in Ukraine,−34 +34,1730 1851,−5 +1,33 18
October 9 2017,Wales,Ireland,0 1,World Cup qualifier in Wales,−29 +29,1772 1770,−4 +6,26 27
October 10 2017,Afghanistan,Jordan,3 3,Asian Cup qualifier in Tajikistan,+16 −16,1137 1482,+1 −3,172 87
October 10 2017,Australia,Syria,2 1,World Cup qualifier in Australia,+10 −10,1711 1608,+2 −3,38 61
October 10 2017,Belgium,Cyprus,4 0,World Cup qualifier in Belgium,+2 −2,1929 1422,+1 −2,9 103
October 10 2017,Benin,Gabon,1 0,Friendly in France,+11 −11,1418 1423,−2 −4,104 102
October 10 2017,Brazil,Chile,3 0,World Cup qualifier in Brazil,+9 −9,2112 1860,0 −2,2 15
October 10 2017,Ecuador,Argentina,1 3,World Cup qualifier in Ecuador,−20 +20,1747 2005,−2 +1,30 4
October 10 2017,Estonia,Bosnia and Herzegovina,1 2,World Cup qualifier in Estonia,−14 +14,1496 1723,−4 +3,83 36
October 10 2017,France,Belarus,2 1,World Cup qualifier in France,+1 −1,1979 1510,0 0,6 78
October 10 2017,Greece,Gibraltar,4 0,World Cup qualifier in Greece,+1 −1,1667 1079,−1 +2,48 178
October 10 2017,Honduras,Mexico,3 2,World Cup qualifier in Honduras,+29 −29,1626 1830,+7 −4,55 19
October 10 2017,Hong Kong,Malaysia,2 0,Asian Cup qualifier in Hong Kong,+14 −14,1215 1077,+5 −5,160 182
October 10 2017,Hungary,Faroe Islands,1 0,World Cup qualifier in Hungary,+3 −3,1615 1280,+2 −2,58 141
October 10 2017,Japan,Haiti,3 3,Friendly in Japan,−8 +8,1750 1480,0 +2,29 88
October 10 2017,Latvia,Andorra,4 0,World Cup qualifier in Latvia,+5 −5,1375 1012,+2 0,115 188
October 10 2017,Lebanon,North Korea,5 0,Asian Cup qualifier in Lebanon,+38 −38,1435 1438,+10 −8,98 97
October 10 2017,Luxembourg,Bulgaria,1 1,World Cup qualifier in Luxembourg,+11 −11,1306 1610,+5 −4,130 60
October 10 2017,Maldives,Oman,1 3,Asian Cup qualifier in the Maldives,−5 +5,943 1456,−1 +3,196 94
October 10 2017,Morocco,South Korea,3 1,Friendly in Switzerland,+18 −18,1654 1698,+4 −2,49 40
October 10 2017,Mozambique,Cape Verde,1 0,Friendly in Portugal,+14 −14,1315 1442,+5 −1,125 96
October 10 2017,Myanmar,Kyrgyzstan,2 2,Asian Cup qualifier in Myanmar,+2 −2,1077 1204,+1 −1,182 164
October 10 2017,Netherlands,Sweden,2 0,World Cup qualifier in the Netherlands,+18 −18,1873 1792,+4 −1,13 21
October 10 2017,Palestine,Bhutan,10 0,Asian Cup qualifier in Palestine,+1 −1,1397 593,+1 0,108 232
October 10 2017,Panama,Costa Rica,2 1,World Cup qualifier in Panama,+22 −22,1670 1761,+2 −2,47 25
October 10 2017,Paraguay,Venezuela,0 1,World Cup qualifier in Paraguay,−29 +29,1753 1747,−3 +7,27 30
October 10 2017,Peru,Colombia,1 1,World Cup qualifier in Peru,−4 +4,1890 1933,0 0,11 8
October 10 2017,Philippines,Yemen,1 1,Asian Cup qualifier in Qatar,−1 +1,1237 1218,0 0,153 158
October 10 2017,Portugal,Switzerland,2 0,World Cup qualifier in Portugal,+14 −14,2000 1866,−1 −2,5 14
October 10 2017,Qatar,Curaçao,1 2,Friendly in Qatar,−18 +18,1487 1268,−4 +4,85 143
October 10 2017,Russia,Iran,1 1,Friendly in Russia,0 0,1697 1784,0 0,42 22
October 10 2017,Saudi Arabia,Ghana,0 3,Friendly in Saudi Arabia,−24 +24,1600 1620,−7 +7,62 56
October 10 2017,Taiwan,Bahrain,2 1,Asian Cup qualifier in Taiwan,+37 −37,929 1369,+4 −13,198 117
October 10 2017,Tajikistan,Nepal,3 0,Asian Cup qualifier in Tajikistan,+6 −6,1219 889,+4 −1,156 202
October 10 2017,Trinidad and Tobago,United States,2 1,World Cup qualifier in Trinidad and Tobago,+33 −33,1435 1743,+8 −7,98 32
October 10 2017,Turkmenistan,Singapore,2 1,Asian Cup qualifier in Turkmenistan,+7 −7,1249 1078,+3 0,148 179
October 10 2017,Uruguay,Bolivia,4 2,World Cup qualifier in Uruguay,+12 −12,1876 1707,+2 −4,12 39
October 10 2017,Vietnam,Cambodia,5 0,Asian Cup qualifier in Vietnam,+3 −3,1283 818,+2 0,139 208
October 11 2017,India,Macao,4 1,Asian Cup qualifier in India,+2 −2,1170 682,0 0,169 223
October 24 2017,Grenada,Panama,0 5,Friendly in Grenada,−3 +3,1107 1673,0 0,174 47
October 28 2017,Bermuda,Barbados,2 3,Friendly in Bermuda,−15 +15,1197 1137,−2 +1,165 172
November 7 2017,Saudi Arabia,Latvia,2 0,Friendly in Portugal,+6 −6,1606 1369,0 −1,62 116
November 8 2017,Congo,Benin,1 1,Friendly in Congo,−2 +2,1382 1420,0 0,109 104
November 8 2017,Czechia,Iceland,2 1,Friendly tournament in Qatar,+21 −21,1703 1820,+4 −1,40 19
November 8 2017,Lesotho,Zimbabwe,1 0,Friendly in Lesotho,+14 −14,1266 1488,+2 −3,144 84
November 8 2017,Nicaragua,Dominican Republic,0 3,Friendly in Nicaragua,−26 +26,1275 1241,−10 +8,142 152
November 9 2017,Armenia,Belarus,4 1,Friendly in Armenia,+15 −15,1474 1495,+2 −3,90 81
November 9 2017,Cambodia,Myanmar,1 2,Friendly in Cambodia,−6 +6,812 1083,0 +4,208 178
November 9 2017,Croatia,Greece,4 1,World Cup qualifier in Croatia,+11 −11,1862 1656,+2 0,15 48
November 9 2017,Finland,Estonia,3 0,Friendly in Finland,+9 −9,1595 1487,+4 −2,64 84
November 9 2017,Hong Kong,Bahrain,0 2,Friendly in Hong Kong,−13 +13,1202 1382,−3 +7,164 109
November 9 2017,Iran,Panama,2 1,Friendly in Austria,+7 −7,1791 1666,0 +1,22 46
November 9 2017,Luxembourg,Hungary,2 1,Friendly in Luxembourg,+15 −15,1321 1600,+5 −4,125 62
November 9 2017,Northern Ireland,Switzerland,0 1,World Cup qualifier in Northern Ireland,−15 +15,1659 1881,−1 +1,47 13
November 9 2017,Romania,Turkey,2 0,Friendly in Romania,+13 −13,1701 1728,+3 −1,41 34
November 9 2017,Scotland,Netherlands,0 1,Friendly in Scotland,−9 +9,1721 1882,−2 +1,36 12
November 9 2017,Singapore,Lebanon,0 1,Friendly in Singapore,−4 +4,1074 1439,−4 +1,183 97
November 10 2017,Algeria,Nigeria,1 1,World Cup qualifier in Algeria,+2 −2,1534 1673,+2 0,72 45
November 10 2017,Belgium,Mexico,3 3,Friendly in Belgium,−5 +5,1924 1835,+1 0,8 18
November 10 2017,Brazil,Japan,3 1,Friendly in France,+3 −3,2115 1747,+1 +1,1 28
November 10 2017,China,Serbia,0 2,Friendly in China,−12 +12,1577 1769,0 +2,68 24
November 10 2017,England,Germany,0 0,Friendly in England,+2 −2,1931 2115,+2 0,7 1
November 10 2017,France,Wales,2 0,Friendly in France,+4 −4,1983 1768,0 −2,6 25
November 10 2017,Georgia,Cyprus,1 0,Friendly in Georgia,+6 −6,1485 1416,+1 −1,88 104
November 10 2017,Honduras,Australia,0 0,World Cup qualifier in Honduras,−1 +1,1625 1712,0 0,55 38
November 10 2017,North Korea,Malaysia,4 1,Asian Cup qualifier in Thailand,+8 −8,1446 1069,+2 −2,96 184
November 10 2017,Poland,Uruguay,0 0,Friendly in Poland,−2 +2,1855 1878,0 0,17 14
November 10 2017,Portugal,Saudi Arabia,3 0,Friendly in Portugal,+2 −2,2002 1604,0 0,5 61
November 10 2017,South Africa,Senegal,0 2,World Cup qualifier in South Africa,−26 +26,1551 1745,−2 +6,71 31
November 10 2017,South Korea,Colombia,2 1,Friendly in South Korea,+14 −14,1712 1919,+4 −1,38 9
November 10 2017,Sweden,Italy,1 0,World Cup qualifier in Sweden,+23 −23,1815 1916,+1 −3,20 10
November 10 2017,United Arab Emirates,Haiti,0 1,Friendly in the United Arab Emirates,−14 +14,1527 1494,−2 +6,74 82
November 10 2017,Ukraine,Slovakia,2 1,Friendly in Ukraine,+8 −8,1738 1744,−1 −4,34 32
November 11 2017,Comoros,Madagascar,1 1,Friendly in France,+8 −8,1041 1368,0 −4,186 118
November 11 2017,Denmark,Ireland,0 0,World Cup qualifier in Denmark,−7 +7,1795 1777,0 0,21 23
November 11 2017,Dominican Republic,Nicaragua,1 0,Friendly in the Dominican Republic,+8 −8,1249 1267,+4 −2,148 144
November 11 2017,Democratic Republic of Congo,Guinea,3 1,World Cup qualifier in the Dem Rep of the Congo,+14 −14,1606 1472,+7 −3,60 90
November 11 2017,Gabon,Mali,0 0,World Cup qualifier in Gabon,−1 +1,1422 1515,0 −1,102 78
November 11 2017,Ivory Coast,Morocco,0 2,World Cup qualifier in Ivory Coast,−37 +37,1603 1691,−10 +4,62 45
November 11 2017,Macedonia,Norway,2 0,Friendly in Macedonia,+15 −15,1519 1585,+2 −5,77 67
November 11 2017,Malawi,Lesotho,1 1,Friendly in Malawi,−4 +4,1304 1270,−2 +2,130 142
November 11 2017,Namibia,Zimbabwe,3 1,Friendly in Namibia,+16 −16,1378 1472,+5 −6,114 90
November 11 2017,New Zealand,Peru,0 0,World Cup qualifier in New Zealand,+13 −13,1528 1877,+2 −3,74 14
November 11 2017,Qatar,Czechia,0 1,Friendly tournament in Qatar,−10 +10,1477 1713,−2 +3,87 38
November 11 2017,Russia,Argentina,0 1,Friendly in Russia,−5 +5,1692 2010,0 0,44 4
November 11 2017,Spain,Costa Rica,5 0,Friendly in Spain,+4 −4,2038 1757,0 0,3 26
November 11 2017,Trinidad and Tobago,Grenada,2 2,Friendly in Trinidad and Tobago,−8 +8,1427 1115,0 0,99 174
November 11 2017,Tunisia,Libya,0 0,World Cup qualifier in Tunisia,−13 +13,1623 1475,0 +3,54 88
November 11 2017,Zambia,Cameroon,2 2,World Cup qualifier in Zambia,+3 −3,1501 1645,0 0,80 51
November 12 2017,Benin,Tanzania,1 1,Friendly in Benin,−5 +5,1415 1350,−1 0,104 120
November 12 2017,Congo,Uganda,1 1,World Cup qualifier in Congo,0 0,1382 1490,−1 −1,110 84
November 12 2017,Ghana,Egypt,1 1,World Cup qualifier in Ghana,−4 +4,1616 1658,−1 0,56 50
November 12 2017,Greece,Croatia,0 0,World Cup qualifier in Greece,+6 −6,1662 1856,0 −1,49 16
November 12 2017,Malta,Estonia,0 3,Friendly in Malta,−10 +10,1216 1497,−4 +3,160 81
November 12 2017,Switzerland,Northern Ireland,0 0,World Cup qualifier in Switzerland,−15 +15,1866 1674,−2 +2,14 46
November 12 2017,Togo,Mauritius,6 0,Friendly in Togo,+4 −4,1383 1069,+4 0,109 183
November 13 2017,Armenia,Cyprus,3 2,Friendly in Armenia,+6 −6,1480 1410,+2 −1,87 104
November 13 2017,Bulgaria,Saudi Arabia,1 0,Friendly in Portugal,+10 −10,1620 1594,+3 −4,55 65
November 13 2017,Georgia,Belarus,2 2,Friendly in Georgia,−3 +3,1482 1498,0 +1,85 81
November 13 2017,Iran,Venezuela,1 0,Friendly in the Netherlands,+9 −9,1800 1738,+1 −5,21 33
November 13 2017,Iraq,Syria,1 1,Friendly in Iraq,−2 +2,1562 1610,0 0,70 59
November 13 2017,Italy,Sweden,0 0,World Cup qualifier in Italy,−10 +10,1906 1825,0 +1,10 19
November 13 2017,Kosovo,Latvia,4 3,Friendly in Kosovo,+7 −7,1371 1362,+2 −2,117 119
November 13 2017,North Korea,Malaysia,4 1,Asian Cup qualifier in Thailand,+7 −7,1453 1062,0 −2,96 185
November 13 2017,Poland,Mexico,0 1,Friendly in Poland,−13 +13,1842 1848,−1 +1,18 17
November 13 2017,Turkey,Albania,2 3,Friendly in Turkey,−16 +16,1712 1609,−3 +5,38 60
November 14 2017,Algeria,Central African Republic,3 0,Friendly in Algeria,+4 −4,1538 1297,0 0,72 132
November 14 2017,Austria,Uruguay,2 1,Friendly in Austria,+12 −12,1710 1866,+2 −1,41 13
November 14 2017,Belgium,Japan,1 0,Friendly in Belgium,+3 −3,1927 1744,0 −3,8 31
November 14 2017,Bhutan,Oman,2 4,Asian Cup qualifier in Bhutan,−1 +1,592 1457,0 +1,232 93
November 14 2017,Burkina Faso,Cape Verde,4 0,World Cup qualifier in Burkina Faso,+14 −14,1607 1428,+4 −1,62 98
November 14 2017,Cambodia,Jordan,0 1,Asian Cup qualifier in Cambodia,−1 +1,811 1483,0 −1,208 86
November 14 2017,China,Colombia,0 4,Friendly in China,−7 +7,1570 1926,0 0,68 9
November 14 2017,England,Brazil,0 0,Friendly in England,+2 −2,1933 2113,0 0,7 1
November 14 2017,Gabon,Botswana,0 0,Friendly in Gabon,−7 +7,1415 1253,0 +3,102 147
November 14 2017,Germany,France,2 2,Friendly in Germany,−6 +6,2109 1989,−1 +1,2 5
November 14 2017,Hong Kong,Lebanon,0 1,Asian Cup qualifier in Hong Kong,−12 +12,1190 1451,−3 +1,167 97
November 14 2017,Hungary,Costa Rica,1 0,Friendly in Hungary,+12 −12,1612 1745,+5 −4,58 30
November 14 2017,India,Myanmar,2 2,Asian Cup qualifier in India,−10 +10,1160 1093,0 +1,169 177
November 14 2017,Ireland,Denmark,1 5,World Cup qualifier in Ireland,−46 +46,1731 1841,−11 +3,34 19
November 14 2017,Macao,Kyrgyzstan,3 4,Asian Cup qualifier in Macao,−3 +3,679 1207,0 0,223 162
November 14 2017,Nepal,Philippines,0 0,Asian Cup qualifier in Nepal,+12 −12,901 1225,0 −1,202 155
November 14 2017,Nigeria,Argentina,4 2,Friendly in Russia,+26 −26,1699 1984,+4 −2,43 6
November 14 2017,Palestine,Maldives,8 1,Asian Cup qualifier in Palestine,+4 −4,1401 939,+1 −1,107 197
November 14 2017,Portugal,United States,1 1,Friendly in Portugal,−8 +8,1994 1751,+1 +6,4 26
November 14 2017,Qatar,Iceland,1 1,Friendly tournament in Qatar,+9 −9,1486 1811,+3 −1,85 21
November 14 2017,Romania,Netherlands,0 3,Friendly in Romania,−13 +13,1688 1895,−4 0,46 11
November 14 2017,Russia,Spain,3 3,Friendly in Russia,+6 −6,1698 2032,0 0,44 3
November 14 2017,Senegal,South Africa,2 1,World Cup qualifier in Senegal,+6 −6,1751 1545,+4 0,26 71
November 14 2017,Singapore,Bahrain,0 3,Asian Cup qualifier in Singapore,−16 +16,1058 1398,−3 +1,185 109
November 14 2017,Slovakia,Norway,1 0,Friendly in Slovakia,+4 −4,1748 1581,+3 0,28 67
November 14 2017,South Korea,Serbia,1 1,Friendly in South Korea,−1 +1,1711 1770,−2 +1,40 23
November 14 2017,Tajikistan,Yemen,0 0,Asian Cup qualifier in Tajikistan,−6 +6,1213 1224,−4 +2,160 156
November 14 2017,Trinidad and Tobago,Guyana,1 1,Friendly in Trinidad and Tobago,−8 +8,1419 1195,−2 +2,101 165
November 14 2017,Turkmenistan,Taiwan,2 1,Asian Cup qualifier in Turkmenistan,+3 −3,1252 926,0 0,148 198
November 14 2017,United Arab Emirates,Uzbekistan,1 0,Friendly in the United Arab Emirates,+10 −10,1537 1610,+2 −4,73 59
November 14 2017,Vietnam,Afghanistan,0 0,Asian Cup qualifier in Vietnam,−12 +12,1271 1149,−3 0,141 172
November 14 2017,Wales,Panama,1 1,Friendly in Wales,−5 +5,1763 1671,+1 0,24 48
November 15 2017,Australia,Honduras,3 1,World Cup qualifier in Australia,+15 −15,1727 1610,+3 −5,35 58
November 15 2017,Peru,New Zealand,2 0,World Cup qualifier in Peru,+4 −4,1881 1524,0 −1,12 76
November 19 2017,Fiji,Estonia,0 2,Friendly in Fiji,−8 +8,1205 1505,−2 +2,162 80
November 23 2017,Vanuatu,Estonia,0 1,Friendly in Vanuatu,−5 +5,1186 1510,−1 +1,167 79
November 25 2017,Indonesia,Guyana,2 1,Friendly in Indonesia,+6 −6,1234 1189,0 −1,154 166
November 26 2017,New Caledonia,Estonia,1 1,Friendly in New Caledonia,+2 −2,1334 1508,0 −1,122 80
December 1 2017,Philippines,Laos,3 1,Friendly tournament in Taiwan,+3 −3,1228 783,0 0,155 212
December 2 2017,Fiji,Tuvalu,8 0,Pacific Mini Games in Vanuatu,+6 −6,1211 719,+1 −1,161 216
December 2 2017,Solomon Islands,Tonga,8 0,Pacific Mini Games in Vanuatu,+3 −3,1180 560,0 0,168 235
December 2 2017,Saint Kitts and Nevis,Grenada,1 0,Friendly in Saint Kitts and Nevis,+4 −4,1255 1111,+3 0,146 174
December 2 2017,Vanuatu,New Caledonia,2 1,Pacific Mini Games in Vanuatu,+23 −23,1209 1311,+5 −5,162 127
December 3 2017,Kenya,Rwanda,2 0,CECAFA Cup in Kenya,+16 −16,1391 1277,+6 −5,110 140
December 3 2017,Laos,East Timor,2 1,Friendly tournament in Taiwan,+8 −8,791 609,0 0,212 230
December 3 2017,Libya,Tanzania,0 0,CECAFA Cup in Kenya,−7 +7,1468 1357,−2 0,91 120
December 3 2017,Taiwan,Philippines,3 0,Friendly tournament in Taiwan,+40 −40,966 1188,+5 −12,193 167
December 4 2017,Burundi,Uganda,0 0,CECAFA Cup in Kenya,+9 −9,1324 1481,+1 −3,124 87
December 4 2017,Taiwan,East Timor,3 1,Friendly tournament in Taiwan,+3 −3,969 606,0 0,193 230
December 5 2017,East Timor,Philippines,1 0,Friendly tournament in Taiwan,+29 −29,635 1159,+2 −2,228 169
December 5 2017,Ethiopia,South Sudan,3 0,CECAFA Cup in Kenya,+16 −16,1298 1049,+5 −2,132 185
December 5 2017,Kenya,Libya,0 0,CECAFA Cup in Kenya,−1 +1,1390 1469,0 0,110 91
December 5 2017,Taiwan,Laos,2 0,Friendly tournament in Taiwan,+8 −8,977 783,0 0,193 212
December 5 2017,Tuvalu,New Caledonia,2 1,Pacific Mini Games in Vanuatu,+39 −39,758 1272,+2 −12,214 139
December 5 2017,Zanzibar,Rwanda,3 1,CECAFA Cup in Kenya,+29 −29,1320 1248,+9 −10,126 150
December 6 2017,Fiji,Solomon Islands,0 0,Pacific Mini Games in Vanuatu,−2 +2,1209 1182,−1 0,161 167
December 6 2017,Vanuatu,Tonga,5 0,Pacific Mini Games in Vanuatu,+1 −1,1210 559,+1 0,160 235
December 7 2017,Burundi,Ethiopia,4 1,CECAFA Cup in Kenya,+32 −32,1356 1266,+4 −11,120 143
December 7 2017,Libya,Rwanda,0 0,CECAFA Cup in Kenya,−11 +11,1458 1259,−1 +5,92 145
December 7 2017,Zanzibar,Tanzania,2 1,CECAFA Cup in Kenya,+22 −22,1342 1335,+5 −3,121 123
December 8 2017,Uganda,South Sudan,5 1,CECAFA Cup in Kenya,+6 −6,1487 1043,+3 0,84 185
December 9 2017,China,South Korea,2 2,East Asian Championship in Japan,+8 −8,1578 1703,0 −2,68 42
December 9 2017,Japan,North Korea,1 0,East Asian Championship in Japan,+4 −4,1748 1449,+3 −1,28 97
December 9 2017,Kenya,Zanzibar,0 0,CECAFA Cup in Kenya,−8 +8,1382 1350,−1 0,111 121
December 9 2017,New Caledonia,Tonga,4 2,Pacific Mini Games in Vanuatu,+1 −1,1273 558,−1 0,139 235
December 9 2017,Rwanda,Tanzania,2 1,CECAFA Cup in Kenya,+24 −24,1283 1311,+9 −4,136 127
December 9 2017,Solomon Islands,Tuvalu,6 0,Pacific Mini Games in Vanuatu,+7 −7,1189 751,+1 −1,166 215
December 9 2017,Vanuatu,Fiji,1 1,Pacific Mini Games in Vanuatu,−6 +6,1204 1215,−2 +2,162 159
December 10 2017,Ethiopia,Uganda,1 1,CECAFA Cup in Kenya,+11 −11,1277 1476,+5 −4,139 88
December 11 2017,Kenya,Tanzania,1 0,CECAFA Cup in Kenya,+11 −11,1393 1300,+1 −4,110 131
December 11 2017,Libya,Zanzibar,1 0,CECAFA Cup in Kenya,+14 −14,1472 1336,+3 −1,89 122
December 11 2017,South Sudan,Burundi,0 0,CECAFA Cup in Kenya,+14 −14,1057 1342,0 0,185 120
December 12 2017,Fiji,Tonga,4 0,Pacific Mini Games in Vanuatu,+2 −2,1217 556,+1 0,158 235
December 12 2017,Japan,China,2 1,East Asian Championship in Japan,+7 −7,1755 1571,+3 0,25 68
December 12 2017,Solomon Islands,New Caledonia,1 0,Pacific Mini Games in Vanuatu,+25 −25,1214 1248,+6 −10,160 150
December 12 2017,South Korea,North Korea,1 0,East Asian Championship in Japan,+8 −8,1711 1441,+2 0,40 97
December 12 2017,Vanuatu,Tuvalu,10 0,Pacific Mini Games in Vanuatu,+4 −4,1208 747,0 0,162 215
December 14 2017,Kenya,Burundi,1 0,CECAFA Cup in Kenya,+12 −12,1405 1330,+4 −4,106 124
December 14 2017,Qatar,Liechtenstein,1 2,Friendly in Qatar,−18 +18,1468 1168,−7 +3,91 168
December 15 2017,Fiji,New Caledonia,4 1,Pacific Mini Games in Vanuatu,+38 −38,1255 1210,+13 −11,145 161
December 15 2017,Oman,Yemen,1 0,Friendly in Oman,+3 −3,1460 1221,+2 −1,91 156
December 15 2017,Tuvalu,Tonga,4 3,Pacific Mini Games in Vanuatu,+10 −10,757 546,+1 −1,214 236
December 15 2017,Vanuatu,Solomon Islands,3 2,Pacific Mini Games in Vanuatu,+15 −15,1223 1199,+7 −4,155 164
December 15 2017,Zanzibar,Uganda,2 1,CECAFA Cup in Kenya,+28 −28,1364 1448,+2 −9,119 96
December 16 2017,China,North Korea,1 1,East Asian Championship in Japan,−7 +7,1564 1448,−1 +1,69 96
December 16 2017,Japan,South Korea,1 4,East Asian Championship in Japan,−49 +49,1706 1760,−17 +15,42 25
December 17 2017,Kenya,Zanzibar,2 2,CECAFA Cup in Kenya,−8 +8,1397 1372,−4 +2,110 117
December 17 2017,United Arab Emirates,Iraq,1 0,Friendly in the United Arab Emirates,+8 −8,1545 1554,+2 0,71 70
December 17 2017,Uganda,Burundi,2 1,CECAFA Cup in Kenya,+13 −13,1461 1317,+5 −1,91 125
December 18 2017,Bahrain,Kuwait,0 0,Friendly in Bahrain,−1 +1,1397 1461,0 +1,109 91
December 22 2017,Kuwait,Saudi Arabia,1 2,Gulf Cup in Kuwait,−18 +18,1443 1612,−6 +9,97 57
December 22 2017,United Arab Emirates,Oman,1 0,Gulf Cup in Kuwait,+15 −15,1560 1445,+1 −3,70 96
December 23 2017,Bahrain,Iraq,1 1,Gulf Cup in Kuwait,+8 −8,1405 1546,+3 0,106 71
December 23 2017,Qatar,Yemen,4 0,Gulf Cup in Kuwait,+15 −15,1483 1206,+6 −6,84 162
December 25 2017,Jordan,Libya,1 1,Friendly in Jordan,−3 +3,1480 1475,−2 0,86 88
December 25 2017,Kuwait,Oman,0 1,Gulf Cup in Kuwait,−25 +25,1418 1470,−4 +5,101 91
December 25 2017,Saudi Arabia,United Arab Emirates,0 0,Gulf Cup in Kuwait,−3 +3,1609 1563,−4 0,61 70
December 26 2017,Bahrain,Yemen,1 0,Gulf Cup in Kuwait,+10 −10,1415 1196,+4 −3,102 165
December 26 2017,Iraq,Qatar,2 1,Gulf Cup in Kuwait,+16 −16,1562 1467,0 −7,71 91
December 28 2017,Kuwait,United Arab Emirates,0 0,Gulf Cup in Kuwait,+3 −3,1421 1560,+1 −1,100 71
December 28 2017,Oman,Saudi Arabia,2 0,Gulf Cup in Kuwait,+41 −41,1511 1568,+11 −6,79 67
December 29 2017,Bahrain,Qatar,1 1,Gulf Cup in Kuwait,+3 −3,1418 1464,0 0,102 91
December 29 2017,Iraq,Yemen,3 0,Gulf Cup in Kuwait,+8 −8,1570 1188,+3 −2,67 167
