date,teams,location,rank,elo,win_pct,scrape_date
Sat Jul 6,Brazil> Uruguay>,Copa América in the United States,6 5,2021 2027,49% 51%,2024-07-06
Sat Jul 6,Colombia> Panama>,Copa América in the United States,4 31,2030 1747,84% 16%,2024-07-06
Sun Jul 7,Angola> Namibia>,COSAFA Cup in South Africa,77 106,1527 1402,67% 33%,2024-07-06
Sun Jul 7,Comoros> Mozambique>,COSAFA Cup in South Africa,125 100,1339 1424,38% 62%,2024-07-06
Tue Jul 9,France> Spain>,Euro Championship in Germany,3 2,2069 2112,44% 56%,2024-07-06
Tue Jul 9,Argentina> Canada>,Copa América in the United States,1 31,2142 1747,91% 9%,2024-07-06
Wed Jul 10,England> Netherlands>,Euro Championship in Germany,8 7,1971 1989,47% 53%,2024-07-06
Sat Jul 27,El Salvador> Guatemala>,Friendly in the United States,110 86,1389 1485,37% 63%,2024-07-06
Wed Sep 4,Anguilla> Turks and Caicos>,CONCACAF League C in Anguilla,233 219,599 690,51% 49%,2024-07-06
Wed Sep 4,British Virgin Islands> Cayman Islands>,CONCACAF League C in the Br Virgin Islands,227 207,651 825,40% 60%,2024-07-06
Wed Sep 4,US Virgin Islands> Bahamas>,CONCACAF League C in the US Virgin Isl,230 209,618 810,37% 63%,2024-07-06
Thu Sep 5,Australia> Bahrain>,World Cup qualifier in Australia,27 92,1774 1453,92% 8%,2024-07-06
Thu Sep 5,Iran> Kyrgyzstan>,World Cup qualifier in Iran,21 145,1807 1279,97% 3%,2024-07-06
Thu Sep 5,Iraq> Oman>,World Cup qualifier in Iraq,51 76,1660 1529,79% 21%,2024-07-06
Thu Sep 5,Japan> China>,World Cup qualifier in Japan,17 107,1856 1396,96% 4%,2024-07-06
Thu Sep 5,Jordan> Kuwait>,World Cup qualifier in Jordan,53 127,1635 1334,91% 9%,2024-07-06
Thu Sep 5,Qatar> United Arab Emirates>,World Cup qualifier in Qatar,55 83,1631 1501,79% 21%,2024-07-06
Thu Sep 5,Saudi Arabia> Indonesia>,World Cup qualifier in Saudi Arabia,63 129,1587 1330,89% 11%,2024-07-06
Thu Sep 5,South Korea> Palestine>,World Cup qualifier in South Korea,35 103,1738 1406,92% 8%,2024-07-06
Thu Sep 5,Uzbekistan> North Korea>,World Cup qualifier in Uzbekistan,46 108,1680 1395,90% 10%,2024-07-06
Thu Sep 5,Brunei> Macao>,Asian Cup qualifier in Brunei,228 225,640 665,61% 39%,2024-07-06
Thu Sep 5,East Timor> Mongolia>,Asian Cup qualifier in East Timor,231 210,610 790,39% 61%,2024-07-06
Thu Sep 5,Sri Lanka> Cambodia>,Asian Cup qualifier in Sri Lanka,220 205,688 842,42% 58%,2024-07-06
Thu Sep 5,Denmark> Switzerland>,European League A in Denmark,19 13,1816 1904,52% 48%,2024-07-06
Thu Sep 5,Portugal> Croatia>,European League A in Portugal,9 12,1960 1916,70% 30%,2024-07-06
Thu Sep 5,Scotland> Poland>,European League A in Scotland,36 39,1735 1730,65% 35%,2024-07-06
Thu Sep 5,Serbia> Spain>,European League A in Serbia,24 2,1789 2112,22% 78%,2024-07-06
Thu Sep 5,Azerbaijan> Sweden>,European League C in Azerbaijan,84 47,1493 1675,38% 62%,2024-07-06
Thu Sep 5,Belarus> Bulgaria>,European League C in Belarus,96 85,1433 1488,56% 44%,2024-07-06
Thu Sep 5,Estonia> Slovakia>,European League C in Estonia,113 43,1371 1685,23% 77%,2024-07-06
Thu Sep 5,Northern Ireland> Luxembourg>,European League C in Northern Ireland,78 79,1518 1511,65% 35%,2024-07-06
Thu Sep 5,San Marino> Liechtenstein>,European League D in San Marino,212 191,774 968,37% 63%,2024-07-06
Thu Sep 5,Argentina> Chile>,World Cup qualifier in Argentina,1 40,2142 1723,95% 5%,2024-07-06
Thu Sep 5,Bolivia> Venezuela>,World Cup qualifier in Bolivia,73 18,1551 1820,27% 73%,2024-07-06
Thu Sep 5,Brazil> Ecuador>,World Cup qualifier in Brazil,6 16,2021 1871,81% 19%,2024-07-06
Thu Sep 5,Peru> Colombia>,World Cup qualifier in Peru,41 4,1710 2030,22% 78%,2024-07-06
Thu Sep 5,Uruguay> Paraguay>,World Cup qualifier in Uruguay,5 49,2027 1661,94% 6%,2024-07-06
Thu Sep 5,Costa Rica> Guadeloupe>,CONCACAF League A in Costa Rica,49 130,1661 1327,92% 8%,2024-07-06
Thu Sep 5,Guatemala> Martinique>,CONCACAF League A in Guatemala,86 95,1485 1437,70% 30%,2024-07-06
Thu Sep 5,Guyana> Suriname>,CONCACAF League A in Guyana,146 135,1274 1319,58% 42%,2024-07-06
Thu Sep 5,Bonaire> St Vincent/Gren>,CONCACAF League B in Bonaire,206 178,827 1071,30% 70%,2024-07-06
Thu Sep 5,Montserrat> El Salvador>,CONCACAF League B in Montserrat,185 110,1015 1389,17% 83%,2024-07-06
Fri Sep 6,Belgium> Israel>,European League A in Belgium,10 66,1934 1567,94% 6%,2024-07-06
Fri Sep 6,France> Italy>,European League A in France,3 14,2069 1891,83% 17%,2024-07-06
Fri Sep 6,Iceland> Montenegro>,European League B in Iceland,68 71,1562 1555,65% 35%,2024-07-06
Fri Sep 6,Kazakhstan> Norway>,European League B in Kazakhstan,92 37,1453 1734,26% 74%,2024-07-06
Fri Sep 6,Slovenia> Austria>,European League B in Slovenia,29 15,1771 1876,49% 51%,2024-07-06
Fri Sep 6,Wales> Turkey>,European League B in Wales,44 22,1684 1805,47% 53%,2024-07-06
Fri Sep 6,Kosovo> Romania>,European League C in Kosovo,81 45,1505 1682,39% 61%,2024-07-06
Fri Sep 6,Lithuania> Cyprus>,European League C in Lithuania,117 138,1356 1315,69% 31%,2024-07-06
Fri Sep 6,French Guiana> Nicaragua>,CONCACAF League A in French Guiana,143 122,1288 1349,56% 44%,2024-07-06
Fri Sep 6,Honduras> Trinidad and Tobago>,CONCACAF League A in Honduras,79 102,1511 1413,76% 24%,2024-07-06
Fri Sep 6,Jamaica> Cuba>,CONCACAF League A in Jamaica,61 141,1589 1295,91% 9%,2024-07-06
Fri Sep 6,Puerto Rico> Haiti>,CONCACAF League B in Puerto Rico,165 82,1148 1502,19% 81%,2024-07-06
Fri Sep 6,Saint Lucia> Curaçao>,CONCACAF League B in Saint Lucia,174 118,1084 1355,27% 73%,2024-07-06
Fri Sep 6,Saint Martin> Grenada>,CONCACAF League B in Saint Martin,194 175,942 1083,44% 56%,2024-07-06
Fri Sep 6,Sint Maarten> Aruba>,CONCACAF League B in Sint Maarten,204 189,855 992,45% 55%,2024-07-06
Sat Sep 7,Germany> Hungary>,European League A in Germany,10 23,1934 1801,79% 21%,2024-07-06
Sat Sep 7,Netherlands> Bosnia/Herzegovina>,European League A in the Netherlands,7 89,1989 1476,97% 3%,2024-07-06
Sat Sep 7,Georgia> Czechia>,European League B in Georgia,42 38,1704 1732,60% 40%,2024-07-06
Sat Sep 7,Greece> Finland>,European League B in Greece,34 57,1739 1627,77% 23%,2024-07-06
Sat Sep 7,Ireland> England>,European League B in Ireland,59 8,1619 1971,19% 81%,2024-07-06
Sat Sep 7,Ukraine> Albania>,European League B in Czechia,19 55,1816 1631,74% 26%,2024-07-06
Sat Sep 7,Armenia> Latvia>,European League C in Armenia,90 134,1462 1321,80% 20%,2024-07-06
Sat Sep 7,Faroe Islands> North Macedonia>,European League C in the Faroe Islands,152 74,1246 1547,24% 76%,2024-07-06
Sat Sep 7,Moldova> Malta>,European League D in Moldova,120 151,1350 1257,75% 25%,2024-07-06
Sat Sep 7,United States> Canada>,Friendly in the United States,31 31,1747 1747,64% 36%,2024-07-06
Sat Sep 7,Bermuda> Dominican Republic>,CONCACAF League B in Bermuda,168 159,1126 1208,53% 47%,2024-07-06
Sat Sep 7,Dominica> Antigua and Barbuda>,CONCACAF League B in Dominica,186 190,1008 988,67% 33%,2024-07-06
Sat Sep 7,Bahamas> Barbados>,CONCACAF League C in the Bahamas,209 195,810 930,47% 53%,2024-07-06
Sat Sep 7,Cayman Islands> Saint Kitts and Nevis>,CONCACAF League C in the Cayman Islands,207 176,825 1082,29% 71%,2024-07-06
Sat Sep 7,Turks and Caicos> Belize>,CONCACAF League C in Turks and Caicos,219 182,690 1039,19% 81%,2024-07-06
Sat Sep 7,Mexico> New Zealand>,Friendly in the United States,25 65,1785 1571,77% 23%,2024-07-06
Sun Sep 8,Croatia> Poland>,European League A in Croatia,12 39,1916 1730,84% 16%,2024-07-06
Sun Sep 8,Denmark> Serbia>,European League A in Denmark,19 24,1816 1789,68% 32%,2024-07-06
Sun Sep 8,Portugal> Scotland>,European League A in Portugal,9 36,1960 1735,87% 13%,2024-07-06
Sun Sep 8,Switzerland> Spain>,European League A in Switzerland,13 2,1904 2112,35% 65%,2024-07-06
Sun Sep 8,Bulgaria> Northern Ireland>,European League C in Bulgaria,85 78,1488 1518,60% 40%,2024-07-06
Sun Sep 8,Luxembourg> Belarus>,European League C in Luxembourg,79 96,1511 1433,74% 26%,2024-07-06
Sun Sep 8,Slovakia> Azerbaijan>,European League C in Slovakia,43 84,1685 1493,84% 16%,2024-07-06
Sun Sep 8,Sweden> Estonia>,European League C in Sweden,47 113,1675 1371,91% 9%,2024-07-06
Sun Sep 8,Gibraltar> Liechtenstein>,European League D in Gibraltar,180 191,1057 968,75% 25%,2024-07-06
Sun Sep 8,El Salvador> Bonaire>,CONCACAF League B in El Salvador,110 206,1389 827,98% 2%,2024-07-06
Sun Sep 8,St Vincent/Gren> Montserrat>,CONCACAF League B in St Vincent/Gren,178 185,1071 1015,71% 29%,2024-07-06
Mon Sep 9,France> Belgium>,European League A in France,3 10,2069 1934,79% 21%,2024-07-06
Mon Sep 9,Israel> Italy>,European League A in Israel,66 14,1567 1891,22% 78%,2024-07-06
Mon Sep 9,Montenegro> Wales>,European League B in Montenegro,71 44,1555 1684,46% 54%,2024-07-06
Mon Sep 9,Norway> Austria>,European League B in Norway,37 15,1734 1876,44% 56%,2024-07-06
Mon Sep 9,Slovenia> Kazakhstan>,European League B in Slovenia,29 92,1771 1453,92% 8%,2024-07-06
Mon Sep 9,Turkey> Iceland>,European League B in Turkey,22 68,1805 1562,88% 12%,2024-07-06
Mon Sep 9,Cyprus> Kosovo>,European League C in Cyprus,138 81,1315 1505,37% 63%,2024-07-06
Mon Sep 9,Romania> Lithuania>,European League C in Romania,45 117,1682 1356,92% 8%,2024-07-06
Mon Sep 9,Guadeloupe> Suriname>,CONCACAF League A in Guadeloupe,130 135,1327 1319,65% 35%,2024-07-06
Mon Sep 9,Guatemala> Costa Rica>,CONCACAF League A in Guatemala,86 49,1485 1661,39% 61%,2024-07-06
Mon Sep 9,Martinique> Guyana>,CONCACAF League A in Martinique,95 146,1437 1274,82% 18%,2024-07-06
Mon Sep 9,Aruba> Puerto Rico>,CONCACAF League B in Aruba,189 165,992 1148,42% 58%,2024-07-06
Mon Sep 9,Curaçao> Saint Martin>,CONCACAF League B in Curaçao,118 194,1355 942,95% 5%,2024-07-06
Mon Sep 9,Grenada> Saint Lucia>,CONCACAF League B in Grenada,175 174,1083 1084,64% 36%,2024-07-06
Mon Sep 9,Haiti> Sint Maarten>,CONCACAF League B in Haiti,82 204,1502 855,98.7% 1.3%,2024-07-06
Tue Sep 10,Bahrain> Japan>,World Cup qualifier in Bahrain,92 17,1453 1856,15% 85%,2024-07-06
Tue Sep 10,China> Saudi Arabia>,World Cup qualifier in China,107 63,1396 1587,37% 63%,2024-07-06
Tue Sep 10,Indonesia> Australia>,World Cup qualifier in Indonesia,129 27,1330 1774,12% 88%,2024-07-06
Tue Sep 10,Kuwait> Iraq>,World Cup qualifier in Kuwait,127 51,1334 1660,21% 79%,2024-07-06
Tue Sep 10,North Korea> Qatar>,World Cup qualifier in North Korea,108 55,1395 1631,31% 69%,2024-07-06
Tue Sep 10,Oman> South Korea>,World Cup qualifier in Oman,76 35,1529 1738,35% 65%,2024-07-06
Tue Sep 10,Palestine> Jordan>,World Cup qualifier in Palestine,103 53,1406 1635,32% 68%,2024-07-06
Tue Sep 10,United Arab Emirates> Iran>,World Cup qualifier in UAE,83 21,1501 1807,23% 77%,2024-07-06
Tue Sep 10,Cambodia> Sri Lanka>,Asian Cup qualifier in Cambodia,205 220,842 688,81% 19%,2024-07-06
Tue Sep 10,Macao> Brunei>,Asian Cup qualifier in Macao,225 228,665 640,67% 33%,2024-07-06
Tue Sep 10,Mongolia> East Timor>,Asian Cup qualifier in Mongolia,210 231,790 610,83% 17%,2024-07-06
Tue Sep 10,Hungary> Bosnia/Herzegovina>,European League A in Hungary,23 89,1801 1476,92% 8%,2024-07-06
Tue Sep 10,Netherlands> Germany>,European League A in the Netherlands,7 10,1989 1934,71% 29%,2024-07-06
Tue Sep 10,Albania> Georgia>,European League B in Albania,55 42,1631 1704,54% 46%,2024-07-06
Tue Sep 10,Czechia> Ukraine>,European League B in Czechia,38 19,1732 1816,52% 48%,2024-07-06
Tue Sep 10,England> Finland>,European League B in England,8 57,1971 1627,93% 7%,2024-07-06
Tue Sep 10,Ireland> Greece>,European League B in Ireland,59 34,1619 1739,47% 53%,2024-07-06
Tue Sep 10,Latvia> Faroe Islands>,European League C in Latvia,134 152,1321 1246,73% 27%,2024-07-06
Tue Sep 10,North Macedonia> Armenia>,European League C in North Macedonia,74 90,1547 1462,74% 26%,2024-07-06
Tue Sep 10,Andorra> Malta>,European League D in Andorra,170 151,1110 1257,43% 57%,2024-07-06
Tue Sep 10,Canada> Mexico>,Friendly in the United States,31 25,1747 1785,45% 55%,2024-07-06
Tue Sep 10,United States> New Zealand>,Friendly in the United States,31 65,1747 1571,83% 17%,2024-07-06
Tue Sep 10,Moldova> San Marino>,Friendly in Moldova,120 212,1350 774,98% 2%,2024-07-06
Tue Sep 10,Chile> Bolivia>,World Cup qualifier in Chile,40 73,1723 1551,83% 17%,2024-07-06
Tue Sep 10,Colombia> Argentina>,World Cup qualifier in Colombia,4 1,2030 2142,48% 52%,2024-07-06
Tue Sep 10,Ecuador> Peru>,World Cup qualifier in Ecuador,16 41,1871 1710,82% 18%,2024-07-06
Tue Sep 10,Paraguay> Brazil>,World Cup qualifier in Paraguay,49 6,1661 2021,18% 82%,2024-07-06
Tue Sep 10,Venezuela> Uruguay>,World Cup qualifier in Venezuela,18 5,1820 2027,35% 65%,2024-07-06
Tue Sep 10,Cuba> Nicaragua>,CONCACAF League A in Cuba,141 122,1295 1349,57% 43%,2024-07-06
Tue Sep 10,Honduras> Jamaica>,CONCACAF League A in Honduras,79 61,1511 1589,53% 47%,2024-07-06
Tue Sep 10,Trinidad and Tobago> French Guiana>,CONCACAF League A in Trinidad & Tobago,102 143,1413 1288,79% 21%,2024-07-06
Tue Sep 10,Antigua and Barbuda> Bermuda>,CONCACAF League B in Antigua & Barbuda,190 168,988 1126,45% 55%,2024-07-06
Tue Sep 10,Dominican Republic> Dominica>,CONCACAF League B in the Dominican Rep,159 186,1208 1008,85% 15%,2024-07-06
Tue Sep 10,Barbados> US Virgin Islands>,CONCACAF League C in Barbados,195 230,930 618,91% 9%,2024-07-06
Tue Sep 10,Belize> Anguilla>,CONCACAF League C in Belize,182 233,1039 599,96% 4%,2024-07-06
Tue Sep 10,Saint Kitts and Nevis> British Virgin Islands>,CONCACAF League C in St Kitts and Nevis,176 227,1082 651,96% 4%,2024-07-06
Sat Sep 14,Brunei> East Timor>,SE Asian Champ qual in Brunei,228 231,640 610,68% 32%,2024-07-06
Sat Sep 21,East Timor> Brunei>,SE Asian Champ qual in East Timor,231 228,610 640,60% 40%,2024-07-06
Wed Oct 9,Vietnam> India>,Friendly tournament in Vietnam,149 162,1270 1194,73% 27%,2024-07-06
Wed Oct 9,Bahamas> US Virgin Islands>,CONCACAF League C in the Bahamas,209 230,810 618,84% 16%,2024-07-06
Wed Oct 9,Cayman Islands> British Virgin Islands>,CONCACAF League C in the Cayman Islands,207 227,825 651,83% 17%,2024-07-06
Wed Oct 9,Turks and Caicos> Anguilla>,CONCACAF League C in Turks and Caicos,219 233,690 599,75% 25%,2024-07-06
Thu Oct 10,Australia> China>,World Cup qualifier in Australia,27 107,1774 1396,94% 6%,2024-07-06
Thu Oct 10,Bahrain> Indonesia>,World Cup qualifier in Bahrain,92 129,1453 1330,78% 22%,2024-07-06
Thu Oct 10,Iraq> Palestine>,World Cup qualifier in Iraq,51 103,1660 1406,88% 12%,2024-07-06
Thu Oct 10,Jordan> South Korea>,World Cup qualifier in Jordan,53 35,1635 1738,50% 50%,2024-07-06
Thu Oct 10,Oman> Kuwait>,World Cup qualifier in Oman,76 127,1529 1334,85% 15%,2024-07-06
Thu Oct 10,Qatar> Kyrgyzstan>,World Cup qualifier in Qatar,55 145,1631 1279,93% 7%,2024-07-06
Thu Oct 10,Saudi Arabia> Japan>,World Cup qualifier in Saudi Arabia,63 17,1587 1856,27% 73%,2024-07-06
Thu Oct 10,United Arab Emirates> North Korea>,World Cup qualifier in UAE,83 108,1501 1395,77% 23%,2024-07-06
Thu Oct 10,Uzbekistan> Iran>,World Cup qualifier in Uzbekistan,46 21,1680 1807,46% 54%,2024-07-06
Thu Oct 10,Israel> France>,European League A in Israel,66 3,1567 2069,9% 91%,2024-07-06
Thu Oct 10,Italy> Belgium>,European League A in Italy,14 10,1891 1934,58% 42%,2024-07-06
Thu Oct 10,Austria> Kazakhstan>,European League B in Austria,15 92,1876 1453,95% 5%,2024-07-06
Thu Oct 10,England> Greece>,European League B in England,8 34,1971 1739,87% 13%,2024-07-06
Thu Oct 10,Finland> Ireland>,European League B in Finland,57 59,1627 1619,65% 35%,2024-07-06
Thu Oct 10,Norway> Slovenia>,European League B in Norway,37 29,1734 1771,59% 41%,2024-07-06
Thu Oct 10,Faroe Islands> Armenia>,European League C in the Faroe Islands,152 90,1246 1462,34% 66%,2024-07-06
Thu Oct 10,Latvia> North Macedonia>,European League C in Latvia,134 74,1321 1547,33% 67%,2024-07-06
Thu Oct 10,Gibraltar> San Marino>,European League D in Gibraltar,180 212,1057 774,90% 10%,2024-07-06
Thu Oct 10,Moldova> Andorra>,European League D in Moldova,120 170,1350 1110,88% 12%,2024-07-06
Thu Oct 10,Liechtenstein> Hong Kong>,Friendly in Liechtenstein,191 179,968 1068,50% 50%,2024-07-06
Thu Oct 10,Bolivia> Colombia>,World Cup qualifier in Bolivia,73 4,1551 2030,10% 90%,2024-07-06
Thu Oct 10,Chile> Brazil>,World Cup qualifier in Chile,40 6,1723 2021,24% 76%,2024-07-06
Thu Oct 10,Ecuador> Paraguay>,World Cup qualifier in Ecuador,16 49,1871 1661,86% 14%,2024-07-06
Thu Oct 10,Peru> Uruguay>,World Cup qualifier in Peru,41 5,1710 2027,22% 78%,2024-07-06
Thu Oct 10,Venezuela> Argentina>,World Cup qualifier in Venezuela,18 1,1820 2142,22% 78%,2024-07-06
Thu Oct 10,Cuba> Trinidad and Tobago>,CONCACAF League A in Cuba,141 102,1295 1413,47% 53%,2024-07-06
Thu Oct 10,French Guiana> Honduras>,CONCACAF League A in French Guiana,143 79,1288 1511,33% 67%,2024-07-06
Thu Oct 10,Nicaragua> Jamaica>,CONCACAF League A in Nicaragua,122 61,1349 1589,31% 69%,2024-07-06
Thu Oct 10,Bonaire> Montserrat>,CONCACAF League B in Bonaire,206 185,827 1015,38% 62%,2024-07-06
Thu Oct 10,St Vincent/Gren> El Salvador>,CONCACAF League B in St Vincent/Gren,178 110,1071 1389,22% 78%,2024-07-06
Fri Oct 11,Bosnia/Herzegovina> Germany>,European League A in Bosnia/Herzeg,89 10,1476 1934,11% 89%,2024-07-06
Fri Oct 11,Hungary> Netherlands>,European League A in Hungary,23 7,1801 1989,38% 62%,2024-07-06
Fri Oct 11,Czechia> Albania>,European League B in Czechia,38 55,1732 1631,76% 24%,2024-07-06
Fri Oct 11,Iceland> Wales>,European League B in Iceland,68 44,1562 1684,47% 53%,2024-07-06
Fri Oct 11,Turkey> Montenegro>,European League B in Turkey,22 71,1805 1555,88% 12%,2024-07-06
Fri Oct 11,Ukraine> Georgia>,European League B in Ukraine,19 42,1816 1704,77% 23%,2024-07-06
Fri Oct 11,Estonia> Azerbaijan>,European League C in Estonia,113 84,1371 1493,47% 53%,2024-07-06
Fri Oct 11,Slovakia> Sweden>,European League C in Slovakia,43 47,1685 1675,65% 35%,2024-07-06
Fri Oct 11,Guadeloupe> Martinique>,CONCACAF League A in Guadeloupe,130 95,1327 1437,49% 51%,2024-07-06
Fri Oct 11,Guyana> Guatemala>,CONCACAF League A in Guyana,146 86,1274 1485,35% 65%,2024-07-06
Fri Oct 11,Suriname> Costa Rica>,CONCACAF League A in Suriname,135 49,1319 1661,20% 80%,2024-07-06
Fri Oct 11,Aruba> Haiti>,CONCACAF League B in Aruba,189 82,992 1502,9% 91%,2024-07-06
Fri Oct 11,Grenada> Curaçao>,CONCACAF League B in Grenada,175 118,1083 1355,27% 73%,2024-07-06
Fri Oct 11,Sint Maarten> Puerto Rico>,CONCACAF League B in Sint Maarten,204 165,855 1148,25% 75%,2024-07-06
Fri Oct 11,Saint Martin> Saint Lucia>,CONCACAF League B in Saint Martin,194 174,942 1084,44% 56%,2024-07-06
Sat Oct 12,Croatia> Scotland>,European League A in Croatia,12 36,1916 1735,83% 17%,2024-07-06
Sat Oct 12,Poland> Portugal>,European League A in Poland,39 9,1730 1960,32% 68%,2024-07-06
Sat Oct 12,Serbia> Switzerland>,European League A in Serbia,24 13,1789 1904,48% 52%,2024-07-06
Sat Oct 12,Spain> Denmark>,European League A in Spain,2 19,2112 1816,91% 9%,2024-07-06
Sat Oct 12,Belarus> Northern Ireland>,European League C in Belarus,96 78,1433 1518,52% 48%,2024-07-06
Sat Oct 12,Bulgaria> Luxembourg>,European League C in Bulgaria,85 79,1488 1511,61% 39%,2024-07-06
Sat Oct 12,Cyprus> Romania>,European League C in Cyprus,138 45,1315 1682,18% 82%,2024-07-06
Sat Oct 12,Lithuania> Kosovo>,European League C in Lithuania,117 81,1356 1505,43% 57%,2024-07-06
Sat Oct 12,India> Lebanon>,Friendly tournament in Vietnam,162 140,1194 1297,36% 64%,2024-07-06
Sat Oct 12,United States> Panama>,Friendly in the United States,31 31,1747 1747,64% 36%,2024-07-06
Sat Oct 12,Antigua and Barbuda> Dominican Republic>,CONCACAF League B in Antigua & Barbuda,190 159,988 1208,33% 67%,2024-07-06
Sat Oct 12,Dominica> Bermuda>,CONCACAF League B in Dominica,186 168,1008 1126,47% 53%,2024-07-06
Sat Oct 12,Anguilla> Belize>,CONCACAF League C in Anguilla,233 182,599 1039,12% 88%,2024-07-06
Sat Oct 12,British Virgin Islands> Saint Kitts and Nevis>,CONCACAF League C in the Br Virgin Islands,227 176,651 1082,13% 87%,2024-07-06
Sat Oct 12,US Virgin Islands> Barbados>,CONCACAF League C in the US Virgin Isl,230 195,618 930,23% 77%,2024-07-06
Sun Oct 13,Austria> Norway>,European League B in Austria,15 37,1876 1734,80% 20%,2024-07-06
Sun Oct 13,Finland> England>,European League B in Finland,57 8,1627 1971,20% 80%,2024-07-06
Sun Oct 13,Greece> Ireland>,European League B in Greece,34 59,1739 1619,78% 22%,2024-07-06
Sun Oct 13,Kazakhstan> Slovenia>,European League B in Kazakhstan,92 29,1453 1771,22% 78%,2024-07-06
Sun Oct 13,Armenia> North Macedonia>,European League C in Armenia,90 74,1462 1547,52% 48%,2024-07-06
Sun Oct 13,Faroe Islands> Latvia>,European League C in the Faroe Islands,152 134,1246 1321,54% 46%,2024-07-06
Sun Oct 13,Liechtenstein> Gibraltar>,European League D in Liechtenstein,191 180,968 1057,52% 48%,2024-07-06
Sun Oct 13,Malta> Moldova>,European League D in Malta,151 120,1257 1350,51% 49%,2024-07-06
Sun Oct 13,El Salvador> St Vincent/Gren>,CONCACAF League B in El Salvador,110 178,1389 1071,92% 8%,2024-07-06
Sun Oct 13,Montserrat> Bonaire>,CONCACAF League B in Montserrat,185 206,1015 827,84% 16%,2024-07-06
Mon Oct 14,Belgium> France>,European League A in Belgium,10 3,1934 2069,45% 55%,2024-07-06
Mon Oct 14,Bosnia/Herzegovina> Hungary>,European League A in Bosnia/Herzeg,89 23,1476 1801,21% 79%,2024-07-06
Mon Oct 14,Germany> Netherlands>,European League A in Germany,10 7,1934 1989,56% 44%,2024-07-06
Mon Oct 14,Italy> Israel>,European League A in Italy,14 66,1891 1567,92% 8%,2024-07-06
Mon Oct 14,Georgia> Albania>,European League B in Georgia,42 55,1704 1631,73% 27%,2024-07-06
Mon Oct 14,Iceland> Turkey>,European League B in Iceland,68 22,1562 1805,31% 69%,2024-07-06
Mon Oct 14,Ukraine> Czechia>,European League B in Ukraine,19 38,1816 1732,74% 26%,2024-07-06
Mon Oct 14,Wales> Montenegro>,European League B in Wales,44 71,1684 1555,79% 21%,2024-07-06
Mon Oct 14,Azerbaijan> Slovakia>,European League C in Azerbaijan,84 43,1493 1685,37% 63%,2024-07-06
Mon Oct 14,Estonia> Sweden>,European League C in Estonia,113 47,1371 1675,24% 76%,2024-07-06
Mon Oct 14,Jamaica> Honduras>,CONCACAF League A in Jamaica,61 79,1589 1511,74% 26%,2024-07-06
Mon Oct 14,Nicaragua> French Guiana>,CONCACAF League A in Nicaragua,122 143,1349 1288,72% 28%,2024-07-06
Mon Oct 14,Trinidad and Tobago> Cuba>,CONCACAF League A in Trinidad & Tobago,102 141,1413 1295,78% 22%,2024-07-06
Mon Oct 14,Curaçao> Grenada>,CONCACAF League B in Curaçao,118 175,1355 1083,89% 11%,2024-07-06
Mon Oct 14,Haiti> Aruba>,CONCACAF League B in Haiti,82 189,1502 992,97% 3%,2024-07-06
Mon Oct 14,Puerto Rico> Sint Maarten>,CONCACAF League B in Puerto Rico,165 204,1148 855,91% 9%,2024-07-06
Mon Oct 14,Saint Lucia> Saint Martin>,CONCACAF League B in Saint Lucia,174 194,1084 942,80% 20%,2024-07-06
Tue Oct 15,China> Indonesia>,World Cup qualifier in China,107 129,1396 1330,72% 28%,2024-07-06
Tue Oct 15,Iran> Qatar>,World Cup qualifier in Iran,21 55,1807 1631,83% 17%,2024-07-06
Tue Oct 15,Japan> Australia>,World Cup qualifier in Japan,17 27,1856 1774,74% 26%,2024-07-06
Tue Oct 15,Jordan> Oman>,World Cup qualifier in Jordan,53 76,1635 1529,77% 23%,2024-07-06
Tue Oct 15,Kyrgyzstan> North Korea>,World Cup qualifier in Kyrgyzstan,145 108,1279 1395,48% 52%,2024-07-06
Tue Oct 15,Palestine> Kuwait>,World Cup qualifier in Palestine,103 127,1406 1334,73% 27%,2024-07-06
Tue Oct 15,Saudi Arabia> Bahrain>,World Cup qualifier in Saudi Arabia,63 92,1587 1453,79% 21%,2024-07-06
Tue Oct 15,South Korea> Iraq>,World Cup qualifier in South Korea,35 51,1738 1660,74% 26%,2024-07-06
Tue Oct 15,Uzbekistan> United Arab Emirates>,World Cup qualifier in Uzbekistan,46 83,1680 1501,83% 17%,2024-07-06
Tue Oct 15,Poland> Croatia>,European League A in Poland,39 12,1730 1916,38% 62%,2024-07-06
Tue Oct 15,Scotland> Portugal>,European League A in Scotland,36 9,1735 1960,33% 67%,2024-07-06
Tue Oct 15,Spain> Serbia>,European League A in Spain,2 24,2112 1789,92% 8%,2024-07-06
Tue Oct 15,Switzerland> Denmark>,European League A in Switzerland,13 19,1904 1816,75% 25%,2024-07-06
Tue Oct 15,Belarus> Luxembourg>,European League C in Belarus,96 79,1433 1511,53% 47%,2024-07-06
Tue Oct 15,Kosovo> Cyprus>,European League C in Kosovo,81 138,1505 1315,84% 16%,2024-07-06
Tue Oct 15,Lithuania> Romania>,European League C in Lithuania,117 45,1356 1682,21% 79%,2024-07-06
Tue Oct 15,Northern Ireland> Bulgaria>,European League C in Northern Ireland,78 85,1518 1488,68% 32%,2024-07-06
Tue Oct 15,Vietnam> Lebanon>,Friendly tournament in Vietnam,149 140,1270 1297,60% 40%,2024-07-06
Tue Oct 15,Argentina> Bolivia>,World Cup qualifier in Argentina,1 73,2142 1551,98.2% 1.8%,2024-07-06
Tue Oct 15,Brazil> Peru>,World Cup qualifier in Brazil,6 41,2021 1710,91% 9%,2024-07-06
Tue Oct 15,Colombia> Chile>,World Cup qualifier in Colombia,4 40,2030 1723,91% 9%,2024-07-06
Tue Oct 15,Paraguay> Venezuela>,World Cup qualifier in Paraguay,49 18,1661 1820,42% 58%,2024-07-06
Tue Oct 15,Uruguay> Ecuador>,World Cup qualifier in Uruguay,5 16,2027 1871,81% 19%,2024-07-06
Tue Oct 15,Costa Rica> Guatemala>,CONCACAF League A in Costa Rica,49 86,1661 1485,83% 17%,2024-07-06
Tue Oct 15,Martinique> Guadeloupe>,CONCACAF League A in Martinique,95 130,1437 1327,77% 23%,2024-07-06
Tue Oct 15,Suriname> Guyana>,CONCACAF League A in Suriname,135 146,1319 1274,70% 30%,2024-07-06
Tue Oct 15,Bermuda> Dominica>,CONCACAF League B in Bermuda,168 186,1126 1008,78% 22%,2024-07-06
Tue Oct 15,Dominican Republic> Antigua and Barbuda>,CONCACAF League B in the Dominican Rep,159 190,1208 988,86% 14%,2024-07-06
Tue Oct 15,Barbados> Bahamas>,CONCACAF League C in Barbados,195 209,930 810,78% 22%,2024-07-06
Tue Oct 15,Belize> Turks and Caicos>,CONCACAF League C in Belize,182 219,1039 690,93% 7%,2024-07-06
Tue Oct 15,Saint Kitts and Nevis> Cayman Islands>,CONCACAF League C in St Kitts and Nevis,176 207,1082 825,89% 11%,2024-07-06
Thu Nov 14,Australia> Saudi Arabia>,World Cup qualifier in Australia,27 63,1774 1587,84% 16%,2024-07-06
Thu Nov 14,Bahrain> China>,World Cup qualifier in Bahrain,92 107,1453 1396,71% 29%,2024-07-06
Thu Nov 14,Indonesia> Japan>,World Cup qualifier in Indonesia,129 17,1330 1856,8% 92%,2024-07-06
Thu Nov 14,Iraq> Jordan>,World Cup qualifier in Iraq,51 53,1660 1635,67% 33%,2024-07-06
Thu Nov 14,Kuwait> South Korea>,World Cup qualifier in Kuwait,127 35,1334 1738,15% 85%,2024-07-06
Thu Nov 14,North Korea> Iran>,World Cup qualifier in North Korea,108 21,1395 1807,14% 86%,2024-07-06
Thu Nov 14,Oman> Palestine>,World Cup qualifier in Oman,76 103,1529 1406,78% 22%,2024-07-06
Thu Nov 14,Qatar> Uzbekistan>,World Cup qualifier in Qatar,55 46,1631 1680,57% 43%,2024-07-06
Thu Nov 14,United Arab Emirates> Kyrgyzstan>,World Cup qualifier in UAE,83 145,1501 1279,86% 14%,2024-07-06
Thu Nov 14,Belgium> Italy>,European League A in Belgium,10 14,1934 1891,69% 31%,2024-07-06
Thu Nov 14,France> Israel>,European League A in France,3 66,2069 1567,97% 3%,2024-07-06
Thu Nov 14,Greece> England>,European League B in Greece,34 8,1739 1971,32% 68%,2024-07-06
Thu Nov 14,Ireland> Finland>,European League B in Ireland,59 57,1619 1627,63% 37%,2024-07-06
Thu Nov 14,Kazakhstan> Austria>,European League B in Kazakhstan,92 15,1453 1876,13% 87%,2024-07-06
Thu Nov 14,Slovenia> Norway>,European League B in Slovenia,29 37,1771 1734,69% 31%,2024-07-06
Thu Nov 14,Armenia> Faroe Islands>,European League C in Armenia,90 152,1462 1246,86% 14%,2024-07-06
Thu Nov 14,North Macedonia> Latvia>,European League C in North Macedonia,74 134,1547 1321,87% 13%,2024-07-06
Thu Nov 14,Malta> Liechtenstein>,Friendly in Malta,151 191,1257 968,90% 10%,2024-07-06
Thu Nov 14,Ecuador> Bolivia>,World Cup qualifier in Ecuador,16 73,1871 1551,92% 8%,2024-07-06
Thu Nov 14,Paraguay> Argentina>,World Cup qualifier in Paraguay,49 1,1661 2142,10% 90%,2024-07-06
Thu Nov 14,Peru> Chile>,World Cup qualifier in Peru,41 40,1710 1723,62% 38%,2024-07-06
Thu Nov 14,Uruguay> Colombia>,World Cup qualifier in Uruguay,5 4,2027 2030,64% 36%,2024-07-06
Thu Nov 14,Venezuela> Brazil>,World Cup qualifier in Venezuela,18 6,1820 2021,36% 64%,2024-07-06
Thu Nov 14,Bonaire> El Salvador>,CONCACAF League B in Bonaire,206 110,827 1389,7% 93%,2024-07-06
Thu Nov 14,Montserrat> St Vincent/Gren>,CONCACAF League B in Montserrat,185 178,1015 1071,56% 44%,2024-07-06
Fri Nov 15,Denmark> Spain>,European League A in Denmark,19 2,1816 2112,24% 76%,2024-07-06
Fri Nov 15,Portugal> Poland>,European League A in Portugal,9 39,1960 1730,87% 13%,2024-07-06
Fri Nov 15,Scotland> Croatia>,European League A in Scotland,36 12,1735 1916,39% 61%,2024-07-06
Fri Nov 15,Switzerland> Serbia>,European League A in Switzerland,13 24,1904 1789,78% 22%,2024-07-06
Fri Nov 15,Cyprus> Lithuania>,European League C in Cyprus,138 117,1315 1356,58% 42%,2024-07-06
Fri Nov 15,Luxembourg> Bulgaria>,European League C in Luxembourg,79 85,1511 1488,67% 33%,2024-07-06
Fri Nov 15,Northern Ireland> Belarus>,European League C in Northern Ireland,78 96,1518 1433,74% 26%,2024-07-06
Fri Nov 15,Romania> Kosovo>,European League C in Romania,45 81,1682 1505,83% 17%,2024-07-06
Fri Nov 15,San Marino> Gibraltar>,European League D in San Marino,212 180,774 1057,26% 74%,2024-07-06
Fri Nov 15,Puerto Rico> Aruba>,CONCACAF League B in Puerto Rico,165 189,1148 992,81% 19%,2024-07-06
Fri Nov 15,Saint Lucia> Grenada>,CONCACAF League B in Saint Lucia,174 175,1084 1083,64% 36%,2024-07-06
Fri Nov 15,Saint Martin> Curaçao>,CONCACAF League B in Saint Martin,194 118,942 1355,14% 86%,2024-07-06
Fri Nov 15,Sint Maarten> Haiti>,CONCACAF League B in Sint Maarten,204 82,855 1502,4% 96%,2024-07-06
Sat Nov 16,Germany> Bosnia/Herzegovina>,European League A in Germany,10 89,1934 1476,96% 4%,2024-07-06
Sat Nov 16,Netherlands> Hungary>,European League A in the Netherlands,7 23,1989 1801,84% 16%,2024-07-06
Sat Nov 16,Albania> Czechia>,European League B in Albania,55 38,1631 1732,50% 50%,2024-07-06
Sat Nov 16,Georgia> Ukraine>,European League B in Georgia,42 19,1704 1816,48% 52%,2024-07-06
Sat Nov 16,Montenegro> Iceland>,European League B in Montenegro,71 68,1555 1562,63% 37%,2024-07-06
Sat Nov 16,Turkey> Wales>,European League B in Turkey,22 44,1805 1684,78% 22%,2024-07-06
Sat Nov 16,Azerbaijan> Estonia>,European League C in Azerbaijan,84 113,1493 1371,78% 22%,2024-07-06
Sat Nov 16,Sweden> Slovakia>,European League C in Sweden,47 43,1675 1685,63% 37%,2024-07-06
Sat Nov 16,Andorra> Moldova>,European League D in Andorra,170 120,1110 1350,31% 69%,2024-07-06
Sat Nov 16,Bermuda> Antigua and Barbuda>,CONCACAF League B in Bermuda,168 190,1126 988,80% 20%,2024-07-06
Sat Nov 16,Dominica> Dominican Republic>,CONCACAF League B in Dominica,186 159,1008 1208,36% 64%,2024-07-06
Sun Nov 17,Israel> Belgium>,European League A in Israel,66 10,1567 1934,18% 82%,2024-07-06
Sun Nov 17,Italy> France>,European League A in Italy,14 3,1891 2069,39% 61%,2024-07-06
Sun Nov 17,Austria> Slovenia>,European League B in Austria,15 29,1876 1771,76% 24%,2024-07-06
Sun Nov 17,England> Ireland>,European League B in England,8 59,1971 1619,93% 7%,2024-07-06
Sun Nov 17,Finland> Greece>,European League B in Finland,57 34,1627 1739,48% 52%,2024-07-06
Sun Nov 17,Norway> Kazakhstan>,European League B in Norway,37 92,1734 1453,90% 10%,2024-07-06
Sun Nov 17,Latvia> Armenia>,European League C in Latvia,134 90,1321 1462,44% 56%,2024-07-06
Sun Nov 17,North Macedonia> Faroe Islands>,European League C in North Macedonia,74 152,1547 1246,91% 9%,2024-07-06
Sun Nov 17,El Salvador> Montserrat>,CONCACAF League B in El Salvador,110 185,1389 1015,94% 6%,2024-07-06
Sun Nov 17,St Vincent/Gren> Bonaire>,CONCACAF League B in St Vincent/Gren,178 206,1071 827,88% 12%,2024-07-06
Mon Nov 18,Croatia> Portugal>,European League A in Croatia,12 9,1916 1960,58% 42%,2024-07-06
Mon Nov 18,Poland> Scotland>,European League A in Poland,39 36,1730 1735,63% 37%,2024-07-06
Mon Nov 18,Serbia> Denmark>,European League A in Serbia,24 19,1789 1816,60% 40%,2024-07-06
Mon Nov 18,Spain> Switzerland>,European League A in Spain,2 13,2112 1904,85% 15%,2024-07-06
Mon Nov 18,Bulgaria> Belarus>,European League C in Bulgaria,85 96,1488 1433,71% 29%,2024-07-06
Mon Nov 18,Kosovo> Lithuania>,European League C in Kosovo,81 117,1505 1356,81% 19%,2024-07-06
Mon Nov 18,Luxembourg> Northern Ireland>,European League C in Luxembourg,79 78,1511 1518,63% 37%,2024-07-06
Mon Nov 18,Romania> Cyprus>,European League C in Romania,45 138,1682 1315,94% 6%,2024-07-06
Mon Nov 18,Liechtenstein> San Marino>,European League D in Liechtenstein,191 212,968 774,84% 16%,2024-07-06
Mon Nov 18,Aruba> Sint Maarten>,CONCACAF League B in Aruba,189 204,992 855,80% 20%,2024-07-06
Mon Nov 18,Curaçao> Saint Lucia>,CONCACAF League B in Curaçao,118 174,1355 1084,89% 11%,2024-07-06
Mon Nov 18,Grenada> Saint Martin>,CONCACAF League B in Grenada,175 194,1083 942,80% 20%,2024-07-06
Mon Nov 18,Haiti> Puerto Rico>,CONCACAF League B in Haiti,82 165,1502 1148,93% 7%,2024-07-06
Tue Nov 19,Bahrain> Australia>,World Cup qualifier in Bahrain,92 27,1453 1774,22% 78%,2024-07-06
Tue Nov 19,China> Japan>,World Cup qualifier in China,107 17,1396 1856,11% 89%,2024-07-06
Tue Nov 19,Indonesia> Saudi Arabia>,World Cup qualifier in Indonesia,129 63,1330 1587,29% 71%,2024-07-06
Tue Nov 19,Kuwait> Jordan>,World Cup qualifier in Kuwait,127 53,1334 1635,24% 76%,2024-07-06
Tue Nov 19,Kyrgyzstan> Iran>,World Cup qualifier in Kyrgyzstan,145 21,1279 1807,8% 92%,2024-07-06
Tue Nov 19,North Korea> Uzbekistan>,World Cup qualifier in North Korea,108 46,1395 1680,26% 74%,2024-07-06
Tue Nov 19,Oman> Iraq>,World Cup qualifier in Oman,76 51,1529 1660,46% 54%,2024-07-06
Tue Nov 19,Palestine> South Korea>,World Cup qualifier in Palestine,103 35,1406 1738,21% 79%,2024-07-06
Tue Nov 19,United Arab Emirates> Qatar>,World Cup qualifier in UAE,83 55,1501 1631,46% 54%,2024-07-06
Tue Nov 19,Bosnia/Herzegovina> Netherlands>,European League A in Bosnia/Herzeg,89 7,1476 1989,8% 92%,2024-07-06
Tue Nov 19,Hungary> Germany>,European League A in Hungary,23 10,1801 1934,45% 55%,2024-07-06
Tue Nov 19,Albania> Ukraine>,European League B in Albania,55 19,1631 1816,38% 62%,2024-07-06
Tue Nov 19,Czechia> Georgia>,European League B in Czechia,38 42,1732 1704,68% 32%,2024-07-06
Tue Nov 19,Montenegro> Turkey>,European League B in Montenegro,71 22,1555 1805,30% 70%,2024-07-06
Tue Nov 19,Wales> Iceland>,European League B in Wales,44 68,1684 1562,78% 22%,2024-07-06
Tue Nov 19,Slovakia> Estonia>,European League C in Slovakia,43 113,1685 1371,92% 8%,2024-07-06
Tue Nov 19,Sweden> Azerbaijan>,European League C in Sweden,47 84,1675 1493,84% 16%,2024-07-06
Tue Nov 19,Malta> Andorra>,European League D in Malta,151 170,1257 1110,81% 19%,2024-07-06
Tue Nov 19,Argentina> Peru>,World Cup qualifier in Argentina,1 41,2142 1710,96% 4%,2024-07-06
Tue Nov 19,Bolivia> Paraguay>,World Cup qualifier in Bolivia,73 49,1551 1661,49% 51%,2024-07-06
Tue Nov 19,Brazil> Uruguay>,World Cup qualifier in Brazil,6 5,2021 2027,63% 37%,2024-07-06
Tue Nov 19,Chile> Venezuela>,World Cup qualifier in Chile,40 18,1723 1820,50% 50%,2024-07-06
Tue Nov 19,Colombia> Ecuador>,World Cup qualifier in Colombia,4 16,2030 1871,82% 18%,2024-07-06
Tue Nov 19,Antigua and Barbuda> Dominica>,CONCACAF League B in Antigua & Barbuda,190 186,988 1008,61% 39%,2024-07-06
Tue Nov 19,Dominican Republic> Bermuda>,CONCACAF League B in the Dominican Rep,159 168,1208 1126,74% 26%,2024-07-06
Sat Nov 23,Cambodia> Malaysia>,SE Asian Champ in Cambodia,205 146,842 1274,13% 87%,2024-07-06
Sun Nov 24,Laos> Vietnam>,SE Asian Champ in Laos,225 149,665 1270,5% 95%,2024-07-06
Sun Nov 24,Myanmar> Indonesia>,SE Asian Champ in Myanmar,197 129,914 1330,14% 86%,2024-07-06
Tue Nov 26,Singapore> Cambodia>,SE Asian Champ in Singapore,171 205,1109 842,89% 11%,2024-07-06
Wed Nov 27,Indonesia> Laos>,SE Asian Champ in Indonesia,129 225,1330 665,98.8% 1.2%,2024-07-06
Wed Nov 27,Philippines> Myanmar>,SE Asian Champ in the Philippines,184 197,1034 914,78% 22%,2024-07-06
Fri Nov 29,Thailand> Malaysia>,SE Asian Champ in Thailand,97 146,1426 1274,81% 19%,2024-07-06
Sat Nov 30,Laos> Philippines>,SE Asian Champ in Laos,225 184,665 1034,18% 82%,2024-07-06
Sat Nov 30,Vietnam> Indonesia>,SE Asian Champ in Vietnam,149 129,1270 1330,56% 44%,2024-07-06
Mon Dec 2,Singapore> Thailand>,SE Asian Champ in Singapore,171 97,1109 1426,22% 78%,2024-07-06
Tue Dec 3,Myanmar> Laos>,SE Asian Champ in Myanmar,197 225,914 665,88% 12%,2024-07-06
Tue Dec 3,Philippines> Vietnam>,SE Asian Champ in the Philippines,184 149,1034 1270,31% 69%,2024-07-06
Fri Dec 6,Malaysia> Singapore>,SE Asian Champ in Malaysia,146 171,1274 1109,82% 18%,2024-07-06
Fri Dec 6,Thailand> Cambodia>,SE Asian Champ in Thailand,97 205,1426 842,98.1% 1.9%,2024-07-06
Sat Dec 7,Indonesia> Philippines>,SE Asian Champ in Indonesia,129 184,1330 1034,91% 9%,2024-07-06
Sat Dec 7,Vietnam> Myanmar>,SE Asian Champ in Vietnam,149 197,1270 914,93% 7%,2024-07-06
Jan 6 2025,Mexico> Thailand>,Friendly in the United States,25 97,1785 1426,89% 11%,2024-07-06
Jan 13 2025,El Salvador> Thailand>,Friendly in the United States,110 97,1389 1426,45% 55%,2024-07-06
Mar 20 2025,Australia> Indonesia>,World Cup qualifier in Australia,27 129,1774 1330,96% 4%,2024-07-06
Mar 20 2025,Iran> United Arab Emirates>,World Cup qualifier in Iran,21 83,1807 1501,91% 9%,2024-07-06
Mar 20 2025,Iraq> Kuwait>,World Cup qualifier in Iraq,51 127,1660 1334,92% 8%,2024-07-06
Mar 20 2025,Japan> Bahrain>,World Cup qualifier in Japan,17 92,1856 1453,95% 5%,2024-07-06
Mar 20 2025,Jordan> Palestine>,World Cup qualifier in Jordan,53 103,1635 1406,87% 13%,2024-07-06
Mar 20 2025,Qatar> North Korea>,World Cup qualifier in Qatar,55 108,1631 1395,87% 13%,2024-07-06
Mar 20 2025,Saudi Arabia> China>,World Cup qualifier in Saudi Arabia,63 107,1587 1396,84% 16%,2024-07-06
Mar 20 2025,South Korea> Oman>,World Cup qualifier in South Korea,35 76,1738 1529,86% 14%,2024-07-06
Mar 20 2025,Uzbekistan> Kyrgyzstan>,World Cup qualifier in Uzbekistan,46 145,1680 1279,95% 5%,2024-07-06
Mar 20 2025,Brazil> Colombia>,World Cup qualifier in Brazil,6 4,2021 2030,63% 37%,2024-07-06
Mar 20 2025,Ecuador> Venezuela>,World Cup qualifier in Ecuador,16 18,1871 1820,70% 30%,2024-07-06
Mar 20 2025,Paraguay> Chile>,World Cup qualifier in Paraguay,49 40,1661 1723,55% 45%,2024-07-06
Mar 20 2025,Peru> Bolivia>,World Cup qualifier in Peru,41 73,1710 1551,82% 18%,2024-07-06
Mar 20 2025,Uruguay> Argentina>,World Cup qualifier in Uruguay,5 1,2027 2142,48% 52%,2024-07-06
Mar 25 2025,China> Australia>,World Cup qualifier in China,107 27,1396 1774,17% 83%,2024-07-06
Mar 25 2025,Indonesia> Bahrain>,World Cup qualifier in Indonesia,129 92,1330 1453,47% 53%,2024-07-06
Mar 25 2025,Iran> Uzbekistan>,World Cup qualifier in Iran,21 46,1807 1680,79% 21%,2024-07-06
Mar 25 2025,Japan> Saudi Arabia>,World Cup qualifier in Japan,17 63,1856 1587,89% 11%,2024-07-06
Mar 25 2025,Kuwait> Oman>,World Cup qualifier in Kuwait,127 76,1334 1529,37% 63%,2024-07-06
Mar 25 2025,Kyrgyzstan> Qatar>,World Cup qualifier in Kyrgyzstan,145 55,1279 1631,19% 81%,2024-07-06
Mar 25 2025,North Korea> United Arab Emirates>,World Cup qualifier in North Korea,108 83,1395 1501,49% 51%,2024-07-06
Mar 25 2025,Palestine> Iraq>,World Cup qualifier in Palestine,103 51,1406 1660,29% 71%,2024-07-06
Mar 25 2025,South Korea> Jordan>,World Cup qualifier in South Korea,35 53,1738 1635,76% 24%,2024-07-06
Mar 25 2025,Argentina> Brazil>,World Cup qualifier in Argentina,1 6,2142 2021,78% 22%,2024-07-06
Mar 25 2025,Bolivia> Uruguay>,World Cup qualifier in Bolivia,73 5,1551 2027,10% 90%,2024-07-06
Mar 25 2025,Chile> Ecuador>,World Cup qualifier in Chile,40 16,1723 1871,43% 57%,2024-07-06
Mar 25 2025,Colombia> Paraguay>,World Cup qualifier in Colombia,4 49,2030 1661,94% 6%,2024-07-06
Mar 25 2025,Venezuela> Peru>,World Cup qualifier in Venezuela,18 41,1820 1710,77% 23%,2024-07-06
Jun 4 2025,Chile> Argentina>,World Cup qualifier in Chile,40 1,1723 2142,14% 86%,2024-07-06
Jun 4 2025,Colombia> Peru>,World Cup qualifier in Colombia,4 41,2030 1710,92% 8%,2024-07-06
Jun 4 2025,Ecuador> Brazil>,World Cup qualifier in Ecuador,16 6,1871 2021,43% 57%,2024-07-06
Jun 4 2025,Paraguay> Uruguay>,World Cup qualifier in Paraguay,49 5,1661 2027,18% 82%,2024-07-06
Jun 4 2025,Venezuela> Bolivia>,World Cup qualifier in Venezuela,18 73,1820 1551,89% 11%,2024-07-06
Jun 4 2025,Barbados> Aruba>,World Cup qualifier in Barbados,195 189,930 992,55% 45%,2024-07-06
Jun 4 2025,Bermuda> Cayman Islands>,World Cup qualifier in Bermuda,168 207,1126 825,91% 9%,2024-07-06
Jun 4 2025,Dominica> British Virgin Islands>,World Cup qualifier in Dominica,186 227,1008 651,93% 7%,2024-07-06
Jun 4 2025,Grenada> Bahamas>,World Cup qualifier in Grenada,175 209,1083 810,90% 10%,2024-07-06
Jun 4 2025,Montserrat> Belize>,World Cup qualifier in Montserrat,185 182,1015 1039,61% 39%,2024-07-06
Jun 4 2025,St Vincent/Gren> Anguilla>,World Cup qualifier in St Vincent/Gren,178 233,1071 599,96% 4%,2024-07-06
Jun 5 2025,Australia> Japan>,World Cup qualifier in Australia,27 17,1774 1856,53% 47%,2024-07-06
Jun 5 2025,Bahrain> Saudi Arabia>,World Cup qualifier in Bahrain,92 63,1453 1587,45% 55%,2024-07-06
Jun 5 2025,Indonesia> China>,World Cup qualifier in Indonesia,129 107,1330 1396,55% 45%,2024-07-06
Jun 5 2025,Iraq> South Korea>,World Cup qualifier in Iraq,51 35,1660 1738,53% 47%,2024-07-06
Jun 5 2025,Kuwait> Palestine>,World Cup qualifier in Kuwait,127 103,1334 1406,54% 46%,2024-07-06
Jun 5 2025,North Korea> Kyrgyzstan>,World Cup qualifier in North Korea,108 145,1395 1279,78% 22%,2024-07-06
Jun 5 2025,Oman> Jordan>,World Cup qualifier in Oman,76 53,1529 1635,49% 51%,2024-07-06
Jun 5 2025,Qatar> Iran>,World Cup qualifier in Qatar,55 21,1631 1807,39% 61%,2024-07-06
Jun 5 2025,United Arab Emirates> Uzbekistan>,World Cup qualifier in UAE,83 46,1501 1680,39% 61%,2024-07-06
Jun 6 2025,Antigua and Barbuda> Cuba>,World Cup qualifier in Antigua & Barbuda,190 141,988 1295,23% 77%,2024-07-06
Jun 6 2025,Curaçao> Saint Lucia>,World Cup qualifier in Curaçao,118 174,1355 1084,89% 11%,2024-07-06
Jun 6 2025,Guatemala> Dominican Republic>,World Cup qualifier in Guatemala,86 159,1485 1208,90% 10%,2024-07-06
Jun 6 2025,Nicaragua> Guyana>,World Cup qualifier in Nicaragua,122 146,1349 1274,73% 27%,2024-07-06
Jun 6 2025,Suriname> Puerto Rico>,World Cup qualifier in Suriname,135 165,1319 1148,83% 17%,2024-07-06
Jun 6 2025,Trinidad and Tobago> Saint Kitts and Nevis>,World Cup qualifier in Trinidad & Tobago,102 176,1413 1082,92% 8%,2024-07-06
Jun 7 2025,Anguilla> El Salvador>,World Cup qualifier in Anguilla,233 110,599 1389,1.8% 98.2%,2024-07-06
Jun 7 2025,Aruba> Haiti>,World Cup qualifier in Aruba,189 82,992 1502,9% 91%,2024-07-06
Jun 7 2025,Bahamas> Costa Rica>,World Cup qualifier in the Bahamas,209 49,810 1661,1.3% 98.7%,2024-07-06
Jun 7 2025,Belize> Panama>,World Cup qualifier in Belize,182 31,1039 1747,3% 97%,2024-07-06
Jun 7 2025,British Virgin Islands> Jamaica>,World Cup qualifier in the Br Virgin Islands,227 61,651 1589,0.8% 99.2%,2024-07-06
Jun 7 2025,Cayman Islands> Honduras>,World Cup qualifier in the Cayman Islands,207 79,825 1511,3% 97%,2024-07-06
Jun 9 2025,Argentina> Colombia>,World Cup qualifier in Argentina,1 4,2142 2030,77% 23%,2024-07-06
Jun 9 2025,Bolivia> Chile>,World Cup qualifier in Bolivia,73 40,1551 1723,40% 60%,2024-07-06
Jun 9 2025,Brazil> Paraguay>,World Cup qualifier in Brazil,6 49,2021 1661,93% 7%,2024-07-06
Jun 9 2025,Peru> Ecuador>,World Cup qualifier in Peru,41 16,1710 1871,41% 59%,2024-07-06
Jun 9 2025,Uruguay> Venezuela>,World Cup qualifier in Uruguay,5 18,2027 1820,85% 15%,2024-07-06
Jun 10 2025,China> Bahrain>,World Cup qualifier in China,107 92,1396 1453,56% 44%,2024-07-06
Jun 10 2025,Iran> North Korea>,World Cup qualifier in Iran,21 108,1807 1395,95% 5%,2024-07-06
Jun 10 2025,Japan> Indonesia>,World Cup qualifier in Japan,17 129,1856 1330,97% 3%,2024-07-06
Jun 10 2025,Jordan> Iraq>,World Cup qualifier in Jordan,53 51,1635 1660,61% 39%,2024-07-06
Jun 10 2025,Kyrgyzstan> United Arab Emirates>,World Cup qualifier in Kyrgyzstan,145 83,1279 1501,33% 67%,2024-07-06
Jun 10 2025,Palestine> Oman>,World Cup qualifier in Palestine,103 76,1406 1529,47% 53%,2024-07-06
Jun 10 2025,Saudi Arabia> Australia>,World Cup qualifier in Saudi Arabia,63 27,1587 1774,38% 62%,2024-07-06
Jun 10 2025,South Korea> Kuwait>,World Cup qualifier in South Korea,35 127,1738 1334,95% 5%,2024-07-06
Jun 10 2025,Uzbekistan> Qatar>,World Cup qualifier in Uzbekistan,46 55,1680 1631,70% 30%,2024-07-06
Jun 10 2025,Costa Rica> Trinidad and Tobago>,World Cup qualifier in Costa Rica,49 102,1661 1413,88% 12%,2024-07-06
Jun 10 2025,Cuba> Bermuda>,World Cup qualifier in Cuba,141 168,1295 1126,82% 18%,2024-07-06
Jun 10 2025,Dominican Republic> Dominica>,World Cup qualifier in the Dominican Rep,159 186,1208 1008,85% 15%,2024-07-06
Jun 10 2025,El Salvador> Suriname>,World Cup qualifier in El Salvador,110 135,1389 1319,73% 27%,2024-07-06
Jun 10 2025,Guyana> Montserrat>,World Cup qualifier in Guyana,146 185,1274 1015,89% 11%,2024-07-06
Jun 10 2025,Haiti> Curaçao>,World Cup qualifier in Haiti,82 118,1502 1355,81% 19%,2024-07-06
Jun 10 2025,Honduras> Antigua and Barbuda>,World Cup qualifier in Honduras,79 190,1511 988,97% 3%,2024-07-06
Jun 10 2025,Jamaica> Guatemala>,World Cup qualifier in Jamaica,61 86,1589 1485,76% 24%,2024-07-06
Jun 10 2025,Panama> Nicaragua>,World Cup qualifier in Panama,31 122,1747 1349,95% 5%,2024-07-06
Jun 10 2025,Puerto Rico> St Vincent/Gren>,World Cup qualifier in Puerto Rico,165 178,1148 1071,73% 27%,2024-07-06
Jun 10 2025,Saint Kitts and Nevis> Grenada>,World Cup qualifier in St Kitts and Nevis,176 175,1082 1083,64% 36%,2024-07-06
Jun 10 2025,Saint Lucia> Barbados>,World Cup qualifier in Saint Lucia,174 195,1084 930,81% 19%,2024-07-06
Sep 9 2025,Argentina> Venezuela>,World Cup qualifier in Argentina,1 18,2142 1820,92% 8%,2024-07-06
Sep 9 2025,Brazil> Chile>,World Cup qualifier in Brazil,6 40,2021 1723,91% 9%,2024-07-06
Sep 9 2025,Colombia> Bolivia>,World Cup qualifier in Colombia,4 73,2030 1551,97% 3%,2024-07-06
Sep 9 2025,Paraguay> Ecuador>,World Cup qualifier in Paraguay,49 16,1661 1871,35% 65%,2024-07-06
Sep 9 2025,Uruguay> Peru>,World Cup qualifier in Uruguay,5 41,2027 1710,92% 8%,2024-07-06
Sep 14 2025,Bolivia> Brazil>,World Cup qualifier in Bolivia,73 6,1551 2021,11% 89%,2024-07-06
Sep 14 2025,Chile> Uruguay>,World Cup qualifier in Chile,40 5,1723 2027,24% 76%,2024-07-06
Sep 14 2025,Ecuador> Argentina>,World Cup qualifier in Ecuador,16 1,1871 2142,27% 73%,2024-07-06
Sep 14 2025,Peru> Paraguay>,World Cup qualifier in Peru,41 49,1710 1661,70% 30%,2024-07-06
Sep 14 2025,Venezuela> Colombia>,World Cup qualifier in Venezuela,18 4,1820 2030,35% 65%,2024-07-06
